estado,partido,promedio_ponderado,tendencia_kalman,n_encuestas,min,max,fecha_calculo
aguascalientes,morena,27.0,27.2,5,24.3,30.7,2026-09-02
aguascalientes,pan,41.6,42.1,5,38.1,49.6,2026-09-02
aguascalientes,pri,5.2,5.2,5,3.8,7.6,2026-09-02
aguascalientes,mc,9.0,8.1,5,4.5,12.0,2026-09-02
aguascalientes,pvem,2.7,2.7,4,1.5,3.4,2026-09-02
aguascalientes,pt,1.8,1.8,2,1.1,2.7,2026-09-02
baja-california,morena,47.2,45.3,4,36.6,51.1,2026-09-02
baja-california,pan,13.7,12.9,4,10.8,17.3,2026-09-02
baja-california,pri,5.8,5.2,4,3.5,6.6,2026-09-02
baja-california,mc,7.2,6.6,3,6.0,7.2,2026-09-02
baja-california,pvem,3.4,9.6,3,2.7,23.0,2026-09-02
baja-california,pt,2.8,2.8,2,1.9,2.8,2026-09-02
baja-california-sur,morena,45.2,45.2,2,41.7,47.7,2026-09-02
baja-california-sur,pan,13.8,13.8,2,11.1,17.6,2026-09-02
baja-california-sur,pri,3.2,3.2,2,2.4,4.4,2026-09-02
baja-california-sur,mc,3.0,3.0,2,1.2,5.7,2026-09-02
baja-california-sur,pvem,2.8,2.8,2,2.6,3.1,2026-09-02
baja-california-sur,pt,6.3,6.3,2,6.0,6.8,2026-09-02
campeche,morena,44.4,44.4,1,44.4,44.4,2026-09-02
campeche,pan,5.0,5.0,1,5.0,5.0,2026-09-02
campeche,pri,7.0,7.0,1,7.0,7.0,2026-09-02
campeche,mc,24.2,24.2,1,24.2,24.2,2026-09-02
chihuahua,morena,38.8,39.9,6,31.7,45.0,2026-09-02
chihuahua,pan,25.0,24.8,7,21.0,27.2,2026-09-02
chihuahua,pri,5.8,5.8,7,4.3,9.4,2026-09-02
chihuahua,mc,4.6,4.7,8,2.9,7.1,2026-09-02
chihuahua,pvem,2.0,1.9,6,1.0,2.6,2026-09-02
chihuahua,pt,3.8,3.8,1,3.8,3.8,2026-09-02
colima,morena,35.6,35.6,1,35.6,35.6,2026-09-02
colima,pan,14.5,14.5,2,14.5,20.6,2026-09-02
colima,pri,14.8,14.8,2,14.8,19.4,2026-09-02
colima,mc,9.2,10.3,3,9.0,12.1,2026-09-02
colima,pvem,4.0,4.0,1,4.0,4.0,2026-09-02
colima,pt,2.4,2.4,1,2.4,2.4,2026-09-02
guerrero,morena,47.6,47.6,2,44.8,47.6,2026-09-02
guerrero,pan,6.2,6.2,2,3.0,6.2,2026-09-02
guerrero,pri,11.2,11.2,2,11.0,11.2,2026-09-02
guerrero,mc,6.8,6.8,2,6.8,7.2,2026-09-02
guerrero,pvem,5.7,5.7,2,1.6,5.7,2026-09-02
guerrero,pt,3.1,3.1,2,3.1,3.7,2026-09-02
michoacan,morena,34.2,34.2,2,34.2,37.6,2026-09-02
michoacan,pan,12.8,12.8,2,12.8,16.8,2026-09-02
michoacan,pri,6.4,6.4,2,4.4,6.4,2026-09-02
michoacan,mc,4.9,4.9,2,4.9,6.7,2026-09-02
michoacan,pvem,3.9,3.9,2,1.0,3.9,2026-09-02
michoacan,pt,4.1,4.1,1,4.1,4.1,2026-09-02
nayarit,morena,51.7,51.7,2,23.2,52.4,2026-09-02
nayarit,pan,4.7,4.7,2,4.7,10.3,2026-09-02
nayarit,pri,5.0,5.0,2,1.7,6.6,2026-09-02
nayarit,mc,4.2,4.2,2,4.2,8.2,2026-09-02
nayarit,pvem,11.7,11.7,1,11.7,11.7,2026-09-02
nayarit,pt,1.4,1.4,1,1.4,1.4,2026-09-02
nuevo-leon,morena,25.8,24.3,5,14.6,28.7,2026-09-02
nuevo-leon,pan,14.1,15.0,4,8.7,22.2,2026-09-02
nuevo-leon,pri,14.1,14.6,4,12.6,18.5,2026-09-02
nuevo-leon,mc,21.5,23.0,5,20.6,27.5,2026-09-02
nuevo-leon,pvem,3.0,2.7,3,1.9,3.7,2026-09-02
nuevo-leon,pt,2.4,2.3,3,1.9,2.9,2026-09-02
queretaro,morena,25.8,26.1,9,24.4,37.6,2026-09-02
queretaro,pan,42.0,42.7,9,30.9,48.2,2026-09-02
queretaro,pri,5.5,5.5,9,2.5,14.1,2026-09-02
queretaro,mc,8.3,8.0,9,3.2,13.5,2026-09-02
queretaro,pvem,2.9,2.9,7,1.4,5.7,2026-09-02
queretaro,pt,2.2,2.0,4,1.0,3.9,2026-09-02
quintana-roo,morena,40.8,35.9,3,19.1,49.9,2026-09-02
quintana-roo,pan,9.2,10.9,4,7.6,14.3,2026-09-02
quintana-roo,pri,7.0,7.7,4,5.3,10.4,2026-09-02
quintana-roo,mc,8.6,8.5,4,6.9,10.0,2026-09-02
quintana-roo,pvem,10.4,8.3,3,3.2,12.9,2026-09-02
quintana-roo,pt,5.7,4.8,3,2.5,7.0,2026-09-02
san-luis-potosi,morena,34.2,34.2,1,34.2,34.2,2026-09-02
san-luis-potosi,pan,13.6,13.6,1,13.6,13.6,2026-09-02
san-luis-potosi,pri,6.6,6.6,1,6.6,6.6,2026-09-02
san-luis-potosi,mc,6.8,6.8,1,6.8,6.8,2026-09-02
san-luis-potosi,pvem,16.1,16.1,1,16.1,16.1,2026-09-02
sinaloa,morena,37.3,37.3,2,37.3,52.5,2026-09-02
sinaloa,pan,8.7,8.7,2,8.7,9.6,2026-09-02
sinaloa,pri,7.6,7.6,2,7.6,8.6,2026-09-02
sinaloa,mc,5.2,5.2,2,5.2,10.7,2026-09-02
sinaloa,pvem,9.1,9.1,2,2.3,9.1,2026-09-02
sinaloa,pt,4.3,4.3,2,2.5,4.3,2026-09-02
sonora,morena,36.2,36.2,2,36.2,43.1,2026-09-02
sonora,pan,20.3,20.3,2,10.4,20.4,2026-09-02
sonora,pri,5.8,5.8,2,5.8,6.1,2026-09-02
sonora,mc,8.7,8.7,2,6.8,8.7,2026-09-02
sonora,pvem,6.3,6.3,2,1.6,6.3,2026-09-02
sonora,pt,6.1,6.1,1,6.1,6.1,2026-09-02
tlaxcala,morena,41.9,41.9,2,41.8,45.9,2026-09-02
tlaxcala,pan,8.2,8.2,1,8.2,8.2,2026-09-02
tlaxcala,pri,10.1,10.1,2,7.5,10.1,2026-09-02
tlaxcala,mc,7.9,7.9,1,7.9,7.9,2026-09-02
tlaxcala,pvem,5.1,5.1,1,5.1,5.1,2026-09-02
tlaxcala,pt,2.6,2.6,1,2.6,2.6,2026-09-02
zacatecas,morena,33.4,31.9,3,22.9,35.3,2026-09-02
zacatecas,pan,9.4,10.0,5,5.8,14.1,2026-09-02
zacatecas,pri,14.1,14.0,4,11.3,15.8,2026-09-02
zacatecas,mc,7.8,9.0,4,6.7,12.3,2026-09-02
zacatecas,pvem,3.7,3.7,2,3.3,3.7,2026-09-02
zacatecas,pt,6.4,6.4,2,1.0,6.4,2026-09-02
