clave_ine,clave_inegi,municipio
1011,1010,LLANO--EL
1010,1011,SAN FRANCISCO DE LOS ROMO
3004,3008,CABOS--LOS
3005,3009,LORETO
4002,4001,CALKINI
4001,4002,CAMPECHE
4011,4010,CALAKMUL
4010,4011,CANDELARIA
4013,4012,SEYBAPLAYA
4012,4013,DZITBALCHE
6006,6001,ARMERIA
6001,6002,COLIMA
6002,6003,COMALA
6003,6004,COQUIMATLAN
6004,6005,CUAUHTEMOC
6007,6006,IXTLAHUACAN
6008,6007,MANZANILLO
6009,6008,MINATITLAN
6010,6009,TECOMAN
6005,6010,VILLA DE ALVAREZ
7039,7038,HUIXTAN
7038,7039,HUITIUPAN
7107,7071,VILLA COMALTITLAN
7071,7072,PUEBLO NUEVO SOLISTAHUACAN
7072,7073,RAYON
7073,7074,REFORMA
7074,7075,ROSAS--LAS
7075,7076,SABANILLA
7076,7077,SALTO DE AGUA
7077,7078,SAN CRISTOBAL DE LAS CASAS
7078,7079,SAN FERNANDO
7081,7080,SILTEPEC
7082,7081,SIMOJOVEL
7083,7082,SITALA
7084,7083,SOCOLTENANGO
7085,7084,SOLOSUCHIAPA
7086,7085,SOYALO
7087,7086,SUCHIAPA
7088,7087,SUCHIATE
7089,7088,SUNUAPA
7090,7089,TAPACHULA
7091,7090,TAPALAPA
7092,7091,TAPILULA
7093,7092,TECPATAN
7094,7093,TENEJAPA
7095,7094,TEOPISCA
7102,7101,TUXTLA GUTIERREZ
7101,7102,TUXTLA CHICO
7108,7107,VILLA CORZO
7109,7108,VILLAFLORES
7110,7109,YAJALON
7080,7110,SAN LUCAS
7079,7112,SAN JUAN CANCUC
7112,7113,ALDAMA
7113,7114,BENEMERITO DE LAS AMERICAS
7114,7115,MARAVILLA TENEJAPA
7115,7116,MARQUES DE COMILLAS
7116,7117,MONTECRISTO DE GUERRERO
7117,7118,SAN ANDRES DURAZNAL
7118,7119,SANTIAGO EL PINAR
7119,7120,CAPITAN LUIS ANGEL VIDAL
7120,7121,RINCON CHAMULA SAN PEDRO
7121,7122,PARRAL--EL
7122,7123,EMILIANO ZAPATA
7123,7124,MEZCALAPA
7124,7125,HONDURAS DE LA SIERRA
10018,10017,OCAMPO
10019,10018,ORO--EL
10020,10019,OTAEZ
10021,10020,PANUCO DE CORONADO
10022,10021,PEÑON BLANCO
10023,10022,POANAS
10024,10023,PUEBLO NUEVO
10025,10024,RODEO
10026,10025,SAN BERNARDO
10027,10026,SAN DIMAS
10028,10027,SAN JUAN DE GUADALUPE
10029,10028,SAN JUAN DEL RIO
10030,10029,SAN LUIS DEL CORDERO
10031,10030,SAN PEDRO DEL GALLO
10032,10031,SANTA CLARA
10033,10032,SANTIAGO PAPASQUIARO
10034,10033,SUCHIL
10035,10034,TAMAZULA
10036,10035,TEPEHUANES
10037,10036,TLAHUALILO
10038,10037,TOPIA
10039,10038,VICENTE GUERRERO
10017,10039,NUEVO IDEAL
12031,12030,FLORENCIO VILLARREAL
12032,12031,GENERAL CANUTO A. NERI
12033,12032,GENERAL HELIODORO CASTILLO
12034,12033,HUAMUXTITLAN
12035,12034,HUITZUCO DE LOS FIGUEROA
12036,12035,IGUALA DE LA INDEPENDENCIA
12037,12036,IGUALAPA
12038,12037,IXCATEOPAN DE CUAUHTEMOC
12039,12038,ZIHUATANEJO DE AZUETA
12040,12039,JUAN R. ESCUDERO
12041,12040,LEONARDO BRAVO
12042,12041,MALINALTEPEC
12043,12042,MARTIR DE CUILAPAN
12044,12043,METLATONOC
12045,12044,MOCHITLAN
12046,12045,OLINALA
12047,12046,OMETEPEC
12048,12047,PEDRO ASCENCIO ALQUISIRAS
12049,12048,PETATLAN
12050,12049,PILCAYA
12051,12050,PUNGARABATO
12052,12051,QUECHULTENANGO
12053,12052,SAN LUIS ACATLAN
12054,12053,SAN MARCOS
12055,12054,SAN MIGUEL TOTOLAPAN
12056,12055,TAXCO DE ALARCON
12057,12056,TECOANAPA
12058,12057,TECPAN DE GALEANA
12059,12058,TELOLOAPAN
12060,12059,TEPECOACUILCO DE TRUJANO
12061,12060,TETIPAC
12062,12061,TIXTLA DE GUERRERO
12063,12062,TLACOACHISTLAHUACA
12064,12063,TLACOAPA
12065,12064,TLALCHAPA
12066,12065,TLALIXTAQUILLA DE MALDONADO
12067,12066,TLAPA DE COMONFORT
12068,12067,TLAPEHUALA
12069,12068,UNION DE ISIDORO MONTES DE OCA--LA
12070,12069,XALPATLAHUAC
12071,12070,XOCHIHUEHUETLAN
12072,12071,XOCHISTLAHUACA
12073,12072,ZAPOTITLAN TABLAS
12074,12073,ZIRANDARO
12075,12074,ZITLALA
12030,12075,EDUARDO NERI
12080,12077,MARQUELIA
12079,12078,COCHOAPA EL GRANDE
12077,12079,JOSE JOAQUIN DE HERRERA
12081,12080,JUCHITAN
12078,12081,ILIATENCO
12083,12082,LAS VIGAS
12082,12083,ÑUU SAVI
12085,12084,SANTA CRUZ DEL RINCON
12084,12085,SAN NICOLAS
13019,13009,ARENAL--EL
13009,13010,ATITALAQUIA
13010,13011,ATLAPEXCO
13011,13012,ATOTONILCO EL GRANDE
13012,13013,ATOTONILCO DE TULA
13013,13014,CALNALI
13014,13015,CARDONAL
13015,13016,CUAUTEPEC DE HINOJOSA
13016,13017,CHAPANTONGO
13017,13018,CHAPULHUACAN
13018,13019,CHILCUAUTLA
13035,13034,LOLOTLA
13036,13035,METEPEC
13050,13036,SAN AGUSTIN METZQUITITLAN
13034,13040,MISION--LA
13053,13046,SAN FELIPE ORIZATLAN
13046,13047,PACULA
13047,13048,PACHUCA DE SOTO
13048,13049,PISAFLORES
13049,13050,PROGRESO DE OBREGON
13040,13051,MINERAL DE LA REFORMA
13051,13052,SAN AGUSTIN TLAXIACA
13052,13053,SAN BARTOLO TUTOTEPEC
13077,13066,VILLA DE TEZONTEPEC
13066,13067,TEZONTEPEC DE ALDAMA
13067,13068,TIANGUISTENGO
13068,13069,TIZAYUCA
13069,13070,TLAHUELILPAN
13070,13071,TLAHUILTEPA
13071,13072,TLANALAPA
13072,13073,TLANCHINOL
13073,13074,TLAXCOAPAN
13074,13075,TOLCAYUCA
13075,13076,TULA DE ALLENDE
13076,13077,TULANCINGO DE BRAVO
14025,14024,COCULA
14026,14025,COLOTLAN
14027,14026,CONCEPCION DE BUENOS AIRES
14028,14027,CUAUTITLAN DE GARCIA BARRAGAN
14029,14028,CUAUTLA
14030,14029,CUQUIO
14031,14030,CHAPALA
14032,14031,CHIMALTITAN
14033,14032,CHIQUILISTLAN
14034,14033,DEGOLLADO
14035,14034,EJUTLA
14036,14035,ENCARNACION DE DIAZ
14037,14036,ETZATLAN
14039,14037,GRULLO--EL
14040,14038,GUACHINANGO
14041,14039,GUADALAJARA
14042,14040,HOSTOTIPAQUILLO
14043,14041,HUEJUCAR
14044,14042,HUEJUQUILLA EL ALTO
14045,14043,HUERTA--LA
14046,14044,IXTLAHUACAN DE LOS MEMBRILLOS
14047,14045,IXTLAHUACAN DEL RIO
14048,14046,JALOSTOTITLAN
14049,14047,JAMAY
14050,14048,JESUS MARIA
14051,14049,JILOTLAN DE LOS DOLORES
14052,14050,JOCOTEPEC
14053,14051,JUANACATLAN
14054,14052,JUCHITLAN
14055,14053,LAGOS DE MORENO
14056,14054,LIMON--EL
14057,14055,MAGDALENA
14058,14056,SANTA MARIA DEL ORO
14059,14057,MANZANILLA DE LA PAZ--LA
14060,14058,MASCOTA
14061,14059,MAZAMITLA
14062,14060,MEXTICACAN
14063,14061,MEZQUITIC
14064,14062,MIXTLAN
14065,14063,OCOTLAN
14066,14064,OJUELOS DE JALISCO
14067,14065,PIHUAMO
14068,14066,PONCITLAN
14069,14067,PUERTO VALLARTA
14070,14068,VILLA PURIFICACION
14071,14069,QUITUPAN
14072,14070,SALTO--EL
14073,14071,SAN CRISTOBAL DE LA BARRANCA
14074,14072,SAN DIEGO DE ALEJANDRIA
14075,14073,SAN JUAN DE LOS LAGOS
14076,14074,SAN JULIAN
14077,14075,SAN MARCOS
14078,14076,SAN MARTIN DE BOLAÑOS
14079,14077,SAN MARTIN DE HIDALGO
14080,14078,SAN MIGUEL EL ALTO
14038,14079,GOMEZ FARIAS
14081,14080,SAN SEBASTIAN DEL OESTE
14082,14081,SANTA MARIA DE LOS ANGELES
14083,14082,SAYULA
14084,14083,TALA
14085,14084,TALPA DE ALLENDE
14086,14085,TAMAZULA DE GORDIANO
14087,14086,TAPALPA
14088,14087,TECALITLAN
14089,14088,TECOLOTLAN
14090,14089,TECHALUTA DE MONTENEGRO
14091,14090,TENAMAXTLAN
14092,14091,TEOCALTICHE
14093,14092,TEOCUITATLAN DE CORONA
14094,14093,TEPATITLAN DE MORELOS
14095,14094,TEQUILA
14096,14095,TEUCHITLAN
14097,14096,TIZAPAN EL ALTO
14098,14097,TLAJOMULCO DE ZUÑIGA
14099,14098,TLAQUEPAQUE
14100,14099,TOLIMAN
14101,14100,TOMATLAN
14102,14101,TONALA
14103,14102,TONAYA
14104,14103,TONILA
14105,14104,TOTATICHE
14106,14105,TOTOTLAN
14107,14106,TUXCACUESCO
14108,14107,TUXCUECA
14109,14108,TUXPAN
14110,14109,UNION DE SAN ANTONIO
14111,14110,UNION DE TULA
14112,14111,VALLE DE GUADALUPE
14113,14112,VALLE DE JUAREZ
14024,14113,SAN GABRIEL
15026,15025,CHALCO
15027,15026,CHAPA DE MOTA
15028,15027,CHAPULTEPEC
15029,15028,CHIAUTLA
15030,15029,CHICOLOAPAN
15031,15030,CHICONCUAC
15032,15031,CHIMALHUACAN
15033,15032,DONATO GUERRA
15034,15033,ECATEPEC DE MORELOS
15035,15034,ECATZINGO
15036,15035,HUEHUETOCA
15037,15036,HUEYPOXTLA
15038,15037,HUIXQUILUCAN
15039,15038,ISIDRO FABELA
15040,15039,IXTAPALUCA
15041,15040,IXTAPAN DE LA SAL
15042,15041,IXTAPAN DEL ORO
15043,15042,IXTLAHUACA
15044,15043,XALATLACO
15045,15044,JALTENCO
15046,15045,JILOTEPEC
15047,15046,JILOTZINGO
15048,15047,JIQUIPILCO
15049,15048,JOCOTITLAN
15050,15049,JOQUICINGO
15051,15050,JUCHITEPEC
15052,15051,LERMA
15053,15052,MALINALCO
15054,15053,MELCHOR OCAMPO
15055,15054,METEPEC
15056,15055,MEXICALTZINGO
15057,15056,MORELOS
15058,15057,NAUCALPAN DE JUAREZ
15060,15058,NEZAHUALCOYOTL
15061,15060,NICOLAS ROMERO
15062,15061,NOPALTEPEC
15063,15062,OCOYOACAC
15064,15063,OCUILAN
15065,15064,ORO--EL
15066,15065,OTUMBA
15067,15066,OTZOLOAPAN
15068,15067,OTZOLOTEPEC
15069,15068,OZUMBA
15070,15069,PAPALOTLA
15071,15070,PAZ--LA
15072,15071,POLOTITLAN
15073,15072,RAYON
15074,15073,SAN ANTONIO LA ISLA
15075,15074,SAN FELIPE DEL PROGRESO
15076,15075,SAN MARTIN DE LAS PIRAMIDES
15077,15076,SAN MATEO ATENCO
15078,15077,SAN SIMON DE GUERRERO
15079,15078,SANTO TOMAS
15080,15079,SOYANIQUILPAN DE JUAREZ
15081,15080,SULTEPEC
15082,15081,TECAMAC
15083,15082,TEJUPILCO
15084,15083,TEMAMATLA
15085,15084,TEMASCALAPA
15086,15085,TEMASCALCINGO
15087,15086,TEMASCALTEPEC
15088,15087,TEMOAYA
15089,15088,TENANCINGO
15090,15089,TENANGO DEL AIRE
15091,15090,TENANGO DEL VALLE
15092,15091,TEOLOYUCAN
15093,15092,TEOTIHUACAN
15094,15093,TEPETLAOXTOC
15095,15094,TEPETLIXPA
15096,15095,TEPOTZOTLAN
15097,15096,TEQUIXQUIAC
15098,15097,TEXCALTITLAN
15099,15098,TEXCALYACAC
15100,15099,TEXCOCO
15101,15100,TEZOYUCA
15102,15101,TIANGUISTENCO
15103,15102,TIMILPAN
15104,15103,TLALMANALCO
15105,15104,TLALNEPANTLA DE BAZ
15106,15105,TLATLAYA
15107,15106,TOLUCA
15108,15107,TONATICO
15109,15108,TULTEPEC
15110,15109,TULTITLAN
15111,15110,VALLE DE BRAVO
15112,15111,VILLA DE ALLENDE
15113,15112,VILLA DEL CARBON
15114,15113,VILLA GUERRERO
15115,15114,VILLA VICTORIA
15116,15115,XONACATLAN
15117,15116,ZACAZONAPAN
15118,15117,ZACUALPAN
15119,15118,ZINACANTEPEC
15120,15119,ZUMPAHUACAN
15121,15120,ZUMPANGO
15025,15121,CUAUTITLAN IZCALLI
16047,16046,JUAREZ
16048,16047,JUNGAPEO
16049,16048,LAGUNILLAS
16051,16049,MADERO
16052,16050,MARAVATIO
16053,16051,MARCOS CASTELLANOS
16050,16052,LAZARO CARDENAS
16054,16053,MORELIA
16055,16054,MORELOS
16056,16055,MUGICA
16057,16056,NAHUATZEN
16058,16057,NOCUPETARO
16059,16058,NUEVO PARANGARICUTIRO
16060,16059,NUEVO URECHO
16061,16060,NUMARAN
16062,16061,OCAMPO
16063,16062,PAJACUARAN
16064,16063,PANINDICUARO
16065,16064,PARACUARO
16066,16065,PARACHO
16067,16066,PATZCUARO
16068,16067,PENJAMILLO
16069,16068,PERIBAN
16070,16069,PIEDAD--LA
16071,16070,PUREPERO
16072,16071,PURUANDIRO
16073,16072,QUERENDARO
16074,16073,QUIROGA
16075,16074,COJUMATLAN DE REGULES
16076,16075,REYES--LOS
16077,16076,SAHUAYO
16078,16077,SAN LUCAS
16079,16078,SANTA ANA MAYA
16080,16079,SALVADOR ESCALANTE
16081,16080,SENGUIO
16082,16081,SUSUPUATO
16083,16082,TACAMBARO
16084,16083,TANCITARO
16085,16084,TANGAMANDAPIO
16086,16085,TANGANCICUARO
16087,16086,TANHUATO
16088,16087,TARETAN
16089,16088,TARIMBARO
16090,16089,TEPALCATEPEC
16091,16090,TINGAMBATO
16092,16091,TINGÜINDIN
16093,16092,TIQUICHEO DE NICOLAS ROMERO
16094,16093,TLALPUJAHUA
16095,16094,TLAZAZALCA
16096,16095,TOCUMBO
16097,16096,TUMBISCATIO
16098,16097,TURICATO
16099,16098,TUXPAN
16100,16099,TUZANTLA
16101,16100,TZINTZUNTZAN
16102,16101,TZITZIO
16103,16102,URUAPAN
16104,16103,VENUSTIANO CARRANZA
16105,16104,VILLAMAR
16106,16105,VISTA HERMOSA
16107,16106,YURECUARO
16108,16107,ZACAPU
16109,16108,ZAMORA
16110,16109,ZINAPARO
16111,16110,ZINAPECUARO
16112,16111,ZIRACUARETIRO
16113,16112,ZITACUARO
16046,16113,JOSE SIXTO VERDUZCO
18005,18004,COMPOSTELA
18006,18005,HUAJICORI
18007,18006,IXTLAN DEL RIO
18008,18007,JALA
18019,18008,XALISCO
18020,18019,YESCA--LA
18004,18020,BAHIA DE BANDERAS
19029,19028,HIGUERAS
19030,19029,HUALAHUISES
19031,19030,ITURBIDE
19032,19031,JUAREZ
19033,19032,LAMPAZOS DE NARANJO
19034,19033,LINARES
19035,19034,MARIN
19036,19035,MELCHOR OCAMPO
19037,19036,MIER Y NORIEGA
19038,19037,MINA
19039,19038,MONTEMORELOS
19040,19039,MONTERREY
19041,19040,PARAS
19042,19041,PESQUERIA
19043,19042,RAMONES--LOS
19044,19043,RAYONES
19045,19044,SABINAS HIDALGO
19046,19045,SALINAS VICTORIA
19047,19046,SAN NICOLAS DE LOS GARZA
19028,19047,HIDALGO
20004,20003,ASUNCION CACALOTEPEC
20005,20004,ASUNCION CUYOTEPEJI
20006,20005,ASUNCION IXTALTEPEC
20007,20006,ASUNCION NOCHIXTLAN
20008,20007,ASUNCION OCOTLAN
20009,20008,ASUNCION TLACOLULITA
20011,20009,AYOTZINTEPEC
20012,20010,BARRIO DE LA SOLEDAD--EL
20013,20011,CALIHUALA
20014,20012,CANDELARIA LOXICHA
20017,20013,CIENEGA DE ZIMATLAN
20041,20014,CIUDAD IXTEPEC
20018,20015,COATECAS ALTAS
20019,20016,COICOYAN DE LAS FLORES
20020,20017,COMPAÑIA--LA
20021,20018,CONCEPCION BUENAVISTA
20022,20019,CONCEPCION PAPALO
20023,20020,CONSTANCIA DEL ROSARIO
20024,20021,COSOLAPA
20025,20022,COSOLTEPEC
20026,20023,CUILAPAM DE GUERRERO
20027,20024,CUYAMECALCO VILLA DE ZARAGOZA
20015,20025,CHAHUITES
20016,20026,CHALCATONGO DE HIDALGO
20187,20027,CHIQUIHUITLAN DE BENITO JUAREZ
20540,20031,TAMAZULAPAM DEL ESPIRITU SANTO
20031,20032,FRESNILLO DE TRUJANO
20032,20034,GUADALUPE DE RAMIREZ
20034,20035,GUELATAO DE JUAREZ
20035,20036,GUEVEA DE HUMBOLDT
20036,20037,MESONES HIDALGO
20562,20038,VILLA HIDALGO
20037,20039,HEROICA CIUDAD DE HUAJUAPAN DE LEON
20038,20040,HUAUTEPEC
20039,20041,HUAUTLA DE JIMENEZ
20396,20047,SANTA MAGDALENA JICOTLAN
20047,20048,MAGDALENA MIXTEPEC
20048,20049,MAGDALENA OCOTLAN
20049,20050,MAGDALENA PEÑASCO
20050,20051,MAGDALENA TEITIPAC
20051,20052,MAGDALENA TEQUISISTLAN
20052,20053,MAGDALENA TLACOTEPEC
20040,20065,IXPANTEPEC NIEVES
20481,20066,SANTIAGO NILTEPEC
20066,20067,OAXACA DE JUAREZ
20067,20068,OCOTLAN DE MORELOS
20068,20069,PE--LA
20069,20070,PINOTEPA DE DON LUIS
20070,20071,PLUMA HIDALGO
20169,20072,SAN JOSE DEL PROGRESO
20071,20073,PUTLA VILLA DE GUERRERO
20370,20074,SANTA CATARINA QUIOQUITANI
20072,20075,REFORMA DE PINEDA
20073,20076,REFORMA--LA
20074,20077,REYES ETLA
20075,20078,ROJAS DE CUAUHTEMOC
20076,20079,SALINA CRUZ
20077,20080,SAN AGUSTIN AMATENGO
20078,20081,SAN AGUSTIN ATENANGO
20079,20082,SAN AGUSTIN CHAYUCO
20080,20083,SAN AGUSTIN DE LAS JUNTAS
20081,20084,SAN AGUSTIN ETLA
20082,20085,SAN AGUSTIN LOXICHA
20083,20086,SAN AGUSTIN TLACOTEPEC
20084,20087,SAN AGUSTIN YATARENI
20085,20088,SAN ANDRES CABECERA NUEVA
20086,20089,SAN ANDRES DINICUITI
20087,20090,SAN ANDRES HUAXPALTEPEC
20088,20091,SAN ANDRES HUAYAPAM
20089,20092,SAN ANDRES IXTLAHUACA
20090,20093,SAN ANDRES LAGUNAS
20091,20094,SAN ANDRES NUXIÑO
20092,20095,SAN ANDRES PAXTLAN
20093,20096,SAN ANDRES SINAXTLA
20094,20097,SAN ANDRES SOLAGA
20095,20098,SAN ANDRES TEOTILALPAM
20096,20099,SAN ANDRES TEPETLAPA
20097,20100,SAN ANDRES YAA
20098,20101,SAN ANDRES ZABACHE
20099,20102,SAN ANDRES ZAUTLA
20100,20103,SAN ANTONINO CASTILLO VELASCO
20101,20104,SAN ANTONINO EL ALTO
20102,20105,SAN ANTONINO MONTE VERDE
20103,20106,SAN ANTONIO ACUTLA
20104,20107,SAN ANTONIO DE LA CAL
20105,20108,SAN ANTONIO HUITEPEC
20106,20109,SAN ANTONIO NANAHUATIPAM
20107,20110,SAN ANTONIO SINICAHUA
20108,20111,SAN ANTONIO TEPETLAPA
20109,20112,SAN BALTAZAR CHICHICAPAM
20110,20113,SAN BALTAZAR LOXICHA
20111,20114,SAN BALTAZAR YATZACHI EL BAJO
20112,20115,SAN BARTOLO COYOTEPEC
20115,20116,SAN BARTOLOME AYAUTLA
20116,20117,SAN BARTOLOME LOXICHA
20117,20118,SAN BARTOLOME QUIALANA
20118,20119,SAN BARTOLOME YUCUAÑE
20119,20120,SAN BARTOLOME ZOOGOCHO
20113,20121,SAN BARTOLO SOYALTEPEC
20114,20122,SAN BARTOLO YAUTEPEC
20120,20123,SAN BERNARDO MIXTEPEC
20121,20124,SAN BLAS ATEMPA
20122,20125,SAN CARLOS YAUTEPEC
20123,20126,SAN CRISTOBAL AMATLAN
20124,20127,SAN CRISTOBAL AMOLTEPEC
20125,20128,SAN CRISTOBAL LACHIRIOAG
20126,20129,SAN CRISTOBAL SUCHIXTLAHUACA
20127,20130,SAN DIONISIO DEL MAR
20128,20131,SAN DIONISIO OCOTEPEC
20129,20132,SAN DIONISIO OCOTLAN
20130,20133,SAN ESTEBAN ATATLAHUCA
20131,20134,SAN FELIPE JALAPA DE DIAZ
20132,20135,SAN FELIPE TEJALAPAM
20133,20136,SAN FELIPE USILA
20134,20137,SAN FRANCISCO CAHUACUA
20135,20138,SAN FRANCISCO CAJONOS
20136,20139,SAN FRANCISCO CHAPULAPA
20137,20140,SAN FRANCISCO CHINDUA
20138,20141,SAN FRANCISCO DEL MAR
20139,20142,SAN FRANCISCO HUEHUETLAN
20140,20143,SAN FRANCISCO IXHUATAN
20141,20144,SAN FRANCISCO JALTEPETONGO
20142,20145,SAN FRANCISCO LACHIGOLO
20143,20146,SAN FRANCISCO LOGUECHE
20144,20147,SAN FRANCISCO NUXAÑO
20145,20148,SAN FRANCISCO OZOLOTEPEC
20146,20149,SAN FRANCISCO SOLA
20147,20150,SAN FRANCISCO TELIXTLAHUACA
20148,20151,SAN FRANCISCO TEOPAN
20149,20152,SAN FRANCISCO TLAPANCINGO
20150,20153,SAN GABRIEL MIXTEPEC
20151,20154,SAN ILDEFONSO AMATLAN
20152,20155,SAN ILDEFONSO SOLA
20153,20156,SAN ILDEFONSO VILLA ALTA
20154,20157,SAN JACINTO AMILPAS
20155,20158,SAN JACINTO TLACOTEPEC
20156,20159,SAN JERONIMO COATLAN
20157,20160,SAN JERONIMO SILACAYOAPILLA
20158,20161,SAN JERONIMO SOSOLA
20159,20162,SAN JERONIMO TAVICHE
20160,20163,SAN JERONIMO TECOATL
20162,20164,SAN JORGE NUCHITA
20163,20165,SAN JOSE AYUQUILA
20164,20166,SAN JOSE CHILTEPEC
20165,20167,SAN JOSE DEL PEÑASCO
20166,20168,SAN JOSE ESTANCIA GRANDE
20167,20169,SAN JOSE INDEPENDENCIA
20168,20170,SAN JOSE LACHIGUIRI
20170,20171,SAN JOSE TENANGO
20171,20172,SAN JUAN ACHIUTLA
20172,20173,SAN JUAN ATEPEC
20003,20174,ANIMAS TRUJANO
20173,20175,SAN JUAN BAUTISTA ATATLAHUCA
20174,20176,SAN JUAN BAUTISTA COIXTLAHUACA
20175,20177,SAN JUAN BAUTISTA CUICATLAN
20176,20178,SAN JUAN BAUTISTA GUELACHE
20177,20179,SAN JUAN BAUTISTA JAYACATLAN
20178,20180,SAN JUAN BAUTISTA LO DE SOTO
20179,20181,SAN JUAN BAUTISTA SUCHITEPEC
20181,20182,SAN JUAN BAUTISTA TLACOATZINTEPEC
20180,20183,SAN JUAN BAUTISTA TLACHICHILCO
20182,20184,SAN JUAN BAUTISTA TUXTEPEC
20184,20185,SAN JUAN CACAHUATEPEC
20188,20186,SAN JUAN CIENEGUILLA
20189,20187,SAN JUAN COATZOSPAM
20190,20188,SAN JUAN COLORADO
20191,20189,SAN JUAN COMALTEPEC
20192,20190,SAN JUAN COTZOCON
20185,20191,SAN JUAN CHICOMEZUCHIL
20186,20192,SAN JUAN CHILATECA
20194,20193,SAN JUAN DEL ESTADO
20195,20194,SAN JUAN DEL RIO
20196,20195,SAN JUAN DIUXI
20197,20196,SAN JUAN EVANGELISTA ANALCO
20198,20197,SAN JUAN GUELAVIA
20199,20198,SAN JUAN GUICHICOVI
20200,20199,SAN JUAN IHUALTEPEC
20201,20200,SAN JUAN JUQUILA MIXES
20202,20201,SAN JUAN JUQUILA VIJANOS
20203,20202,SAN JUAN LACHAO
20204,20203,SAN JUAN LACHIGALLA
20205,20204,SAN JUAN LAJARCIA
20206,20205,SAN JUAN LALANA
20193,20206,SAN JUAN DE LOS CUES
20559,20247,CAPULALPAM DE MENDEZ
20247,20248,SAN MATEO DEL MAR
20255,20249,SAN MATEO YOLOXOCHITLAN
20248,20250,SAN MATEO ETLATONGO
20249,20251,SAN MATEO NEJAPAM
20250,20252,SAN MATEO PEÑASCO
20251,20253,SAN MATEO PIÑAS
20252,20254,SAN MATEO RIO HONDO
20253,20255,SAN MATEO SINDIHUI
20254,20256,SAN MATEO TLAPILTEPEC
20256,20257,SAN MELCHOR BETAZA
20257,20258,SAN MIGUEL ACHIUTLA
20258,20259,SAN MIGUEL AHUEHUETITLAN
20259,20260,SAN MIGUEL ALOAPAM
20260,20261,SAN MIGUEL AMATITLAN
20261,20262,SAN MIGUEL AMATLAN
20264,20263,SAN MIGUEL COATLAN
20262,20264,SAN MIGUEL CHICAHUA
20263,20265,SAN MIGUEL CHIMALAPA
20265,20266,SAN MIGUEL DEL PUERTO
20266,20267,SAN MIGUEL DEL RIO
20267,20268,SAN MIGUEL EJUTLA
20268,20269,SAN MIGUEL EL GRANDE
20269,20270,SAN MIGUEL HUAUTLA
20270,20271,SAN MIGUEL MIXTEPEC
20271,20272,SAN MIGUEL PANIXTLAHUACA
20272,20273,SAN MIGUEL PERAS
20273,20274,SAN MIGUEL PIEDRAS
20274,20275,SAN MIGUEL QUETZALTEPEC
20275,20276,SAN MIGUEL SANTA FLOR
20536,20277,VILLA SOLA DE VEGA
20276,20278,SAN MIGUEL SOYALTEPEC
20277,20279,SAN MIGUEL SUCHIXTEPEC
20278,20280,VILLA TALEA DE CASTRO
20279,20281,SAN MIGUEL TECOMATLAN
20280,20282,SAN MIGUEL TENANGO
20281,20283,SAN MIGUEL TEQUIXTEPEC
20282,20284,SAN MIGUEL TILQUIAPAM
20283,20285,SAN MIGUEL TLACAMAMA
20284,20286,SAN MIGUEL TLACOTEPEC
20285,20287,SAN MIGUEL TULANCINGO
20286,20288,SAN MIGUEL YOTAO
20287,20289,SAN NICOLAS
20288,20290,SAN NICOLAS HIDALGO
20289,20291,SAN PABLO COATLAN
20290,20292,SAN PABLO CUATRO VENADOS
20291,20293,SAN PABLO ETLA
20292,20294,SAN PABLO HUITZO
20293,20295,SAN PABLO HUIXTEPEC
20294,20296,SAN PABLO MACUILTIANGUIS
20295,20297,SAN PABLO TIJALTEPEC
20296,20298,SAN PABLO VILLA DE MITLA
20297,20299,SAN PABLO YAGANIZA
20298,20300,SAN PEDRO AMUZGOS
20299,20301,SAN PEDRO APOSTOL
20300,20302,SAN PEDRO ATOYAC
20301,20303,SAN PEDRO CAJONOS
20302,20304,SAN PEDRO COXCALTEPEC CANTAROS
20303,20305,SAN PEDRO COMITANCILLO
20304,20306,SAN PEDRO EL ALTO
20305,20307,SAN PEDRO HUAMELULA
20306,20308,SAN PEDRO HUILOTEPEC
20307,20309,SAN PEDRO IXCATLAN
20308,20310,SAN PEDRO IXTLAHUACA
20309,20311,SAN PEDRO JALTEPETONGO
20310,20312,SAN PEDRO JICAYAN
20311,20313,SAN PEDRO JOCOTIPAC
20312,20314,SAN PEDRO JUCHATENGO
20313,20315,SAN PEDRO MARTIR
20314,20316,SAN PEDRO MARTIR QUIECHAPA
20315,20317,SAN PEDRO MARTIR YUCUXACO
20316,20318,SAN PEDRO MIXTEPEC – DIS. 22 -
20317,20319,SAN PEDRO MIXTEPEC – DIS. 26 -
20318,20320,SAN PEDRO MOLINOS
20319,20321,SAN PEDRO NOPALA
20320,20322,SAN PEDRO OCOPETATILLO
20321,20323,SAN PEDRO OCOTEPEC
20322,20324,SAN PEDRO POCHUTLA
20323,20325,SAN PEDRO QUIATONI
20324,20326,SAN PEDRO SOCHIAPAM
20325,20327,SAN PEDRO TAPANATEPEC
20326,20328,SAN PEDRO TAVICHE
20327,20329,SAN PEDRO TEOZACOALCO
20328,20330,SAN PEDRO TEUTILA
20329,20331,SAN PEDRO TIDAA
20330,20332,SAN PEDRO TOPILTEPEC
20331,20333,SAN PEDRO TOTOLAPAM
20332,20334,VILLA DE TUTUTEPEC DE MELCHOR OCAMPO
20336,20335,SAN PEDRO YANERI
20337,20336,SAN PEDRO YOLOX
20333,20337,SAN PEDRO Y SAN PABLO AYUTLA
20560,20338,VILLA DE ETLA
20334,20339,SAN PEDRO Y SAN PABLO TEPOSCOLULA
20335,20340,SAN PEDRO Y SAN PABLO TEQUIXTEPEC
20338,20341,SAN PEDRO YUCUNAMA
20339,20342,SAN RAYMUNDO JALPAN
20340,20343,SAN SEBASTIAN ABASOLO
20341,20344,SAN SEBASTIAN COATLAN
20342,20345,SAN SEBASTIAN IXCAPA
20343,20346,SAN SEBASTIAN NICANANDUTA
20344,20347,SAN SEBASTIAN RIO HONDO
20345,20348,SAN SEBASTIAN TECOMAXTLAHUACA
20346,20349,SAN SEBASTIAN TEITIPAC
20347,20350,SAN SEBASTIAN TUTLA
20348,20351,SAN SIMON ALMOLONGAS
20349,20352,SAN SIMON ZAHUATLAN
20371,20370,SANTA CATARINA TAYATA
20372,20371,SANTA CATARINA TICUA
20373,20372,SANTA CATARINA YOSONOTU
20374,20373,SANTA CATARINA ZAPOQUILA
20375,20374,SANTA CRUZ ACATEPEC
20376,20375,SANTA CRUZ AMILPAS
20377,20376,SANTA CRUZ DE BRAVO
20378,20377,SANTA CRUZ ITUNDUJIA
20379,20378,SANTA CRUZ MIXTEPEC
20380,20379,SANTA CRUZ NUNDACO
20381,20380,SANTA CRUZ PAPALUTLA
20382,20381,SANTA CRUZ TACACHE DE MINA
20383,20382,SANTA CRUZ TACAHUA
20384,20383,SANTA CRUZ TAYATA
20385,20384,SANTA CRUZ XITLA
20386,20385,SANTA CRUZ XOXOCOTLAN
20387,20386,SANTA CRUZ ZENZONTEPEC
20388,20387,SANTA GERTRUDIS
20389,20388,SANTA INES DEL MONTE
20390,20389,SANTA INES YATZECHE
20392,20390,SANTA LUCIA DEL CAMINO
20393,20391,SANTA LUCIA MIAHUATLAN
20394,20392,SANTA LUCIA MONTEVERDE
20395,20393,SANTA LUCIA OCOTLAN
20397,20394,SANTA MARIA ALOTEPEC
20398,20395,SANTA MARIA APAZCO
20399,20396,SANTA MARIA LA ASUNCION
20553,20397,HEROICA CIUDAD DE TLAXIACO
20010,20398,AYOQUEZCO DE ALDAMA
20400,20399,SANTA MARIA ATZOMPA
20401,20400,SANTA MARIA CAMOTLAN
20406,20401,SANTA MARIA COLOTEPEC
20407,20402,SANTA MARIA CORTIJO
20408,20403,SANTA MARIA COYOTEPEC
20402,20404,SANTA MARIA CHACHOAPAM
20403,20405,VILLA DE CHILAPA DE DIAZ
20404,20406,SANTA MARIA CHILCHOTLA
20405,20407,SANTA MARIA CHIMALAPA
20409,20408,SANTA MARIA DEL ROSARIO
20410,20409,SANTA MARIA DEL TULE
20411,20410,SANTA MARIA ECATEPEC
20412,20411,SANTA MARIA GUELACE
20413,20412,SANTA MARIA GUIENAGATI
20414,20413,SANTA MARIA HUATULCO
20415,20414,SANTA MARIA HUAZOLOTITLAN
20416,20415,SANTA MARIA IPALAPA
20417,20416,SANTA MARIA IXCATLAN
20418,20417,SANTA MARIA JACATEPEC
20419,20418,SANTA MARIA JALAPA DEL MARQUES
20420,20419,SANTA MARIA JALTIANGUIS
20421,20420,SANTA MARIA LACHIXIO
20422,20421,SANTA MARIA MIXTEQUILLA
20423,20422,SANTA MARIA NATIVITAS
20424,20423,SANTA MARIA NDUAYACO
20425,20424,SANTA MARIA OZOLOTEPEC
20426,20425,SANTA MARIA PAPALO
20428,20426,SANTA MARIA PEÑOLES
20429,20428,SANTA MARIA QUIEGOLANI
20430,20429,SANTA MARIA SOLA
20431,20430,SANTA MARIA TATALTEPEC
20432,20431,SANTA MARIA TECOMAVACA
20433,20432,SANTA MARIA TEMAXCALAPA
20434,20433,SANTA MARIA TEMAXCALTEPEC
20435,20434,SANTA MARIA TEOPOXCO
20436,20435,SANTA MARIA TEPANTLALI
20437,20436,SANTA MARIA TEXCATITLAN
20438,20437,SANTA MARIA TLAHUITOLTEPEC
20439,20438,SANTA MARIA TLALIXTAC
20440,20439,SANTA MARIA TONAMECA
20441,20440,SANTA MARIA TOTOLAPILLA
20442,20441,SANTA MARIA XADANI
20443,20442,SANTA MARIA YALINA
20444,20443,SANTA MARIA YAVESIA
20445,20444,SANTA MARIA YOLOTEPEC
20446,20445,SANTA MARIA YOSOYUA
20447,20446,SANTA MARIA YUCUHITI
20448,20447,SANTA MARIA ZACATEPEC
20449,20448,SANTA MARIA ZANIZA
20450,20449,SANTA MARIA ZOQUITLAN
20451,20450,SANTIAGO AMOLTEPEC
20452,20451,SANTIAGO APOALA
20453,20452,SANTIAGO APOSTOL
20454,20453,SANTIAGO ASTATA
20455,20454,SANTIAGO ATITLAN
20456,20455,SANTIAGO AYUQUILILLA
20457,20456,SANTIAGO CACALOXTEPEC
20458,20457,SANTIAGO CAMOTLAN
20461,20458,SANTIAGO COMALTEPEC
20462,20461,SANTIAGO DEL RIO
20463,20462,SANTIAGO HUAJOLOTITLAN
20464,20463,SANTIAGO HUAUCLILLA
20465,20464,SANTIAGO IHUITLAN PLUMAS
20466,20465,SANTIAGO IXCUINTEPEC
20467,20466,SANTIAGO IXTAYUTLA
20468,20467,SANTIAGO JAMILTEPEC
20469,20468,SANTIAGO JOCOTEPEC
20470,20469,SANTIAGO JUXTLAHUACA
20471,20470,SANTIAGO LACHIGUIRI
20472,20471,SANTIAGO LALOPA
20473,20472,SANTIAGO LAOLLAGA
20474,20473,SANTIAGO LAXOPA
20475,20474,SANTIAGO LLANO GRANDE
20476,20475,SANTIAGO MATATLAN
20477,20476,SANTIAGO MILTEPEC
20478,20477,SANTIAGO MINAS
20479,20478,SANTIAGO NACALTEPEC
20480,20479,SANTIAGO NEJAPILLA
20482,20480,SANTIAGO NUNDICHE
20483,20481,SANTIAGO NUYOO
20484,20482,SANTIAGO PINOTEPA NACIONAL
20485,20483,SANTIAGO SUCHILQUITONGO
20486,20484,SANTIAGO TAMAZOLA
20487,20485,SANTIAGO TAPEXTLA
20543,20486,VILLA TEJUPAM DE LA UNION
20488,20487,SANTIAGO TENANGO
20489,20488,SANTIAGO TEPETLAPA
20490,20489,SANTIAGO TETEPEC
20491,20490,SANTIAGO TEXCALCINGO
20492,20491,SANTIAGO TEXTITLAN
20493,20492,SANTIAGO TILANTONGO
20494,20493,SANTIAGO TILLO
20495,20494,SANTIAGO TLAZOYALTEPEC
20496,20495,SANTIAGO XANICA
20497,20496,SANTIAGO XIACUI
20498,20497,SANTIAGO YAITEPEC
20499,20498,SANTIAGO YAVEO
20500,20499,SANTIAGO YOLOMECATL
20501,20500,SANTIAGO YOSONDUA
20502,20501,SANTIAGO YUCUYACHI
20503,20502,SANTIAGO ZACATEPEC
20504,20503,SANTIAGO ZOOCHILA
20065,20504,NUEVO ZOQUIAPAM
20509,20505,SANTO DOMINGO INGENIO
20505,20506,SANTO DOMINGO ALBARRADAS
20506,20507,SANTO DOMINGO ARMENTA
20507,20508,SANTO DOMINGO CHIHUITAN
20508,20509,SANTO DOMINGO DE MORELOS
20530,20526,SANTOS REYES NOPALA
20531,20527,SANTOS REYES PAPALO
20532,20528,SANTOS REYES TEPEJILLO
20533,20529,SANTOS REYES YUCUNA
20526,20530,SANTO TOMAS JALIEZA
20527,20531,SANTO TOMAS MAZALTEPEC
20528,20532,SANTO TOMAS OCOTEPEC
20529,20533,SANTO TOMAS TAMAZULAPAN
20350,20534,SAN VICENTE COATLAN
20351,20535,SAN VICENTE LACHIXIO
20352,20536,SAN VICENTE NUÑU
20534,20537,SILACAYOAPAM
20535,20538,SITIO DE XITLAPEHUA
20537,20539,SOLEDAD ETLA
20539,20540,VILLA DE TAMAZULAPAM DEL PROGRESO
20538,20542,TANICHE
20542,20543,TATALTEPEC DE VALDES
20161,20550,SAN JERONIMO TLACOCHAHUAYA
20550,20551,TLACOLULA DE MATAMOROS
20551,20552,TLACOTEPEC PLUMAS
20552,20553,TLALIXTAC DE CABRERA
20183,20559,SAN JUAN BAUTISTA VALLE NACIONAL
20561,20560,VILLA DIAZ ORDAZ
20563,20561,YAXE
20053,20562,MAGDALENA YODOCONO DE PORFIRIO DIAZ
20564,20563,YOGANA
20565,20564,YUTANDUCHI DE GUERRERO
20566,20565,VILLA DE ZAACHILA
20567,20566,SAN MATEO YUCUTINDOO
20568,20567,ZAPOTITLAN LAGUNAS
20569,20568,ZAPOTITLAN PALMAS
20391,20569,SANTA INES DE ZARAGOZA
21030,21029,CAXHUACAN
21031,21030,COATEPEC
21032,21031,COATZINGO
21033,21032,COHETZALA
21034,21033,COHUECAN
21035,21034,CORONANGO
21036,21035,COXCATLAN
21037,21036,COYOMEAPAN
21038,21037,COYOTEPEC
21039,21038,CUAPIAXTLA DE MADERO
21040,21039,CUAUTEMPAN
21041,21040,CUAUTINCHAN
21042,21041,CUAUTLANCINGO
21043,21042,CUAYUCA DE ANDRADE
21044,21043,CUETZALAN DEL PROGRESO
21045,21044,CUYOACO
21046,21045,CHALCHICOMULA DE SESMA
21047,21046,CHAPULCO
21048,21047,CHIAUTLA
21049,21048,CHIAUTZINGO
21050,21049,CHICONCUAUTLA
21051,21050,CHICHIQUILA
21052,21051,CHIETLA
21053,21052,CHIGMECATITLAN
21054,21053,CHIGNAHUAPAN
21055,21054,CHIGNAUTLA
21056,21055,CHILA
21057,21056,CHILA DE LA SAL
21058,21057,HONEY
21059,21058,CHILCHOTLA
21060,21059,CHINANTLA
21061,21060,DOMINGO ARENAS
21062,21061,ELOXOCHITLAN
21063,21062,EPATLAN
21064,21063,ESPERANZA
21065,21064,FRANCISCO Z. MENA
21066,21065,GENERAL FELIPE ANGELES
21067,21066,GUADALUPE
21068,21067,GUADALUPE VICTORIA
21069,21068,HERMENEGILDO GALEANA
21070,21069,HUAQUECHULA
21071,21070,HUATLATLAUCA
21072,21071,HUAUCHINANGO
21073,21072,HUEHUETLA
21074,21073,HUEHUETLAN EL CHICO
21076,21074,HUEJOTZINGO
21077,21075,HUEYAPAN
21078,21076,HUEYTAMALCO
21079,21077,HUEYTLALPAN
21080,21078,HUITZILAN DE SERDAN
21081,21079,HUITZILTEPEC
21082,21080,ATLEQUIZAYAN
21083,21081,IXCAMILPA DE GUERRERO
21084,21082,IXCAQUIXTLA
21085,21083,IXTACAMAXTITLAN
21086,21084,IXTEPEC
21087,21085,IZUCAR DE MATAMOROS
21088,21086,JALPAN
21089,21087,JOLALPAN
21090,21088,JONOTLA
21091,21089,JOPALA
21092,21090,JUAN C. BONILLA
21093,21091,JUAN GALINDO
21094,21092,JUAN N. MENDEZ
21095,21093,LAFRAGUA
21096,21094,LIBRES
21097,21095,MAGDALENA TLATLAUQUITEPEC--LA
21098,21096,MAZAPILTEPEC DE JUAREZ
21099,21097,MIXTLA
21100,21098,MOLCAXAC
21029,21099,CAÑADA MORELOS
21101,21100,NAUPAN
21102,21101,NAUZONTLA
21103,21102,NEALTICAN
21104,21103,NICOLAS BRAVO
21105,21104,NOPALUCAN
21106,21105,OCOTEPEC
21107,21106,OCOYUCAN
21108,21107,OLINTLA
21109,21108,ORIENTAL
21110,21109,PAHUATLAN
21111,21110,PALMAR DE BRAVO
21112,21111,PANTEPEC
21113,21112,PETLALCINGO
21114,21113,PIAXTLA
21115,21114,PUEBLA
21116,21115,QUECHOLAC
21117,21116,QUIMIXTLAN
21118,21117,RAFAEL LARA GRAJALES
21119,21118,REYES DE JUAREZ--LOS
21120,21119,SAN ANDRES CHOLULA
21121,21120,SAN ANTONIO CAÑADA
21122,21121,SAN DIEGO LA MESA TOCHIMILTZINGO
21123,21122,SAN FELIPE TEOTLALCINGO
21124,21123,SAN FELIPE TEPATLAN
21125,21124,SAN GABRIEL CHILAC
21126,21125,SAN GREGORIO ATZOMPA
21127,21126,SAN JERONIMO TECUANIPAN
21128,21127,SAN JERONIMO XAYACATLAN
21129,21128,SAN JOSE CHIAPA
21130,21129,SAN JOSE MIAHUATLAN
21131,21130,SAN JUAN ATENCO
21132,21131,SAN JUAN ATZOMPA
21133,21132,SAN MARTIN TEXMELUCAN
21134,21133,SAN MARTIN TOTOLTEPEC
21135,21134,SAN MATIAS TLALANCALECA
21136,21135,SAN MIGUEL IXITLAN
21137,21136,SAN MIGUEL XOXTLA
21138,21137,SAN NICOLAS BUENOS AIRES
21139,21138,SAN NICOLAS DE LOS RANCHOS
21140,21139,SAN PABLO ANICANO
21141,21140,SAN PEDRO CHOLULA
21142,21141,SAN PEDRO YELOIXTLAHUACA
21143,21142,SAN SALVADOR EL SECO
21144,21143,SAN SALVADOR EL VERDE
21145,21144,SAN SALVADOR HUIXCOLOTLA
21177,21145,SAN SEBASTIAN TLACOTEPEC
21075,21150,HUEHUETLAN EL GRANDE
21150,21151,SANTO TOMAS HUEYOTLIPAN
21151,21152,SOLTEPEC
21152,21153,TECALI DE HERRERA
21153,21154,TECAMACHALCO
21154,21155,TECOMATLAN
21155,21156,TEHUACAN
21156,21157,TEHUITZINGO
21157,21158,TENAMPULCO
21158,21159,TEOPANTLAN
21159,21160,TEOTLALCO
21160,21161,TEPANCO DE LOPEZ
21161,21162,TEPANGO DE RODRIGUEZ
21162,21163,TEPATLAXCO DE HIDALGO
21163,21164,TEPEACA
21164,21165,TEPEMAXALCO
21165,21166,TEPEOJUMA
21166,21167,TEPETZINTLA
21167,21168,TEPEXCO
21168,21169,TEPEXI DE RODRIGUEZ
21169,21170,TEPEYAHUALCO
21170,21171,TEPEYAHUALCO DE CUAUHTEMOC
21171,21172,TETELA DE OCAMPO
21172,21173,TETELES DE AVILA CASTILLO
21173,21174,TEZIUTLAN
21174,21175,TIANGUISMANALCO
21175,21176,TILAPA
21176,21177,TLACOTEPEC DE BENITO JUAREZ
22013,22002,PINAL DE AMOLES
22002,22003,ARROYO SECO
22003,22004,CADEREYTA DE MONTES
22004,22005,COLON
22005,22006,CORREGIDORA
22006,22007,EZEQUIEL MONTES
22007,22008,HUIMILPAN
22008,22009,JALPAN DE SERRA
22009,22010,LANDA DE MATAMOROS
22010,22011,MARQUES--EL
22011,22012,PEDRO ESCOBEDO
22012,22013,PEÑAMILLER
23002,23001,COZUMEL
23003,23002,FELIPE CARRILLO PUERTO
23004,23003,ISLA MUJERES
23007,23004,OTHON P. BLANCO
23001,23005,BENITO JUAREZ
23005,23006,JOSE MARIA MORELOS
23006,23007,LAZARO CARDENAS
24032,24031,SANTA CATARINA
24033,24032,SANTA MARIA DEL RIO
24034,24033,SANTO DOMINGO
24031,24034,SAN VICENTE TANCUAYALAB
24047,24046,VILLA DE ARRIAGA
24048,24047,VILLA DE GUADALUPE
24049,24048,VILLA DE LA PAZ
24050,24049,VILLA DE RAMOS
24051,24050,VILLA DE REYES
24052,24051,VILLA HIDALGO
24053,24052,VILLA JUAREZ
24054,24053,AXTLA DE TERRAZAS
24055,24054,XILITLA
24056,24055,ZARAGOZA
24046,24056,VILLA DE ARISTA
24058,24057,MATLAPA
24057,24058,NARANJO--EL
26062,26003,ALAMOS
26003,26004,ALTAR
26004,26005,ARIVECHI
26005,26006,ARIZPE
26006,26007,ATIL
26007,26008,BACADEHUACHI
26008,26009,BACANORA
26009,26010,BACERAC
26010,26011,BACOACHI
26058,26012,BACUM
26011,26013,BANAMICHI
26012,26014,BAVIACORA
26013,26015,BAVISPE
26014,26016,BENJAMIN HILL
26046,26017,CABORCA
26059,26018,CAJEME
26015,26019,CANANEA
26047,26020,CARBO
26048,26021,COLORADA--LA
26016,26022,CUCURPE
26017,26023,CUMPAS
26018,26024,DIVISADEROS
26060,26025,EMPALME
26063,26026,ETCHOJOA
26019,26027,FRONTERAS
26020,26028,GRANADOS
26061,26029,GUAYMAS
26049,26030,HERMOSILLO
26021,26031,HUACHINERA
26022,26032,HUASABAS
26064,26033,HUATABAMPO
26023,26034,HUEPAC
26024,26035,IMURIS
26025,26036,MAGDALENA DE KINO
26050,26037,MAZATAN
26026,26038,MOCTEZUMA
26027,26039,NACO
26028,26040,NACORI CHICO
26029,26041,NACOZARI DE GARCIA
26065,26042,NAVOJOA
26030,26043,NOGALES
26066,26044,ONAVAS
26051,26045,OPODEPE
26031,26046,OQUITOA
26052,26047,PITIQUITO
26053,26048,PUERTO PEÑASCO
26067,26049,QUIRIEGO
26054,26050,RAYON
26068,26051,ROSARIO
26032,26052,SAHUARIPA
26033,26053,SAN FELIPE DE JESUS
26034,26054,SAN JAVIER
26035,26057,SAN PEDRO DE LA CUEVA
26036,26058,SANTA ANA
26037,26059,SANTA CRUZ
26038,26060,SARIC
26039,26061,SOYOPA
26040,26062,SUAQUI GRANDE
26041,26063,TEPACHE
26042,26064,TRINCHERAS
26043,26065,TUBUTAMA
26057,26066,URES
26044,26067,VILLA HIDALGO
26045,26068,VILLA PESQUEIRA
29004,29003,ATLANGATEPEC
29005,29004,ALTZAYANCA
29003,29005,APIZACO
29060,29045,BENITO JUAREZ
29054,29046,EMILIANO ZAPATA
29055,29047,LAZARO CARDENAS
29052,29048,MAGDALENA TLALTELULCO--LA
29053,29049,SAN DAMIAN TEXOLOC
29051,29050,SAN FRANCISCO TETLANOHCAN
29056,29051,SAN JERONIMO ZACUALPAN
29050,29052,SAN JOSE TEACALCO
29047,29053,SAN JUAN HUACTZINCO
29059,29054,SAN LORENZO AXOCOMANITLA
29057,29055,SAN LUCAS TECOPILCO
29058,29056,SANTA ANA NOPALUCAN
29045,29057,SANTA APOLONIA TEACALCO
29048,29058,SANTA CATARINA AYOMETLA
29046,29059,SANTA CRUZ QUILEHTLA
29049,29060,SANTA ISABEL XILOXOXTLA
30009,30008,ALPATLAHUAC
30010,30009,ALTO LUCERO DE GUTIERREZ BARRIOS
30011,30010,ALTOTONGA
30012,30011,ALVARADO
30013,30012,AMATITLAN
30015,30013,NARANJOS AMATLAN
30016,30015,ANGEL R. CABADA
30017,30016,ANTIGUA--LA
30018,30017,APAZAPAN
30019,30018,AQUILA
30020,30019,ASTACINGA
30021,30020,ATLAHUILCO
30022,30021,ATOYAC
30023,30022,ATZACAN
30024,30023,ATZALAN
30025,30024,TLALTETELA
30026,30025,AYAHUALULCO
30027,30026,BANDERILLA
30028,30027,BENITO JUAREZ
30029,30028,BOCA DEL RIO
30030,30029,CALCAHUALCO
30031,30030,CAMERINO Z. MENDOZA
30032,30031,CARRILLO PUERTO
30034,30032,CATEMACO
30035,30033,CAZONES
30036,30034,CERRO AZUL
30037,30035,CITLALTEPETL
30038,30036,COACOATZINTLA
30039,30037,COAHUITLAN
30040,30038,COATEPEC
30041,30039,COATZACOALCOS
30042,30040,COATZINTLA
30043,30041,COETZALA
30044,30042,COLIPA
30045,30043,COMAPA
30046,30044,CORDOBA
30047,30045,COSAMALOAPAN DE CARPIO
30048,30046,COSAUTLAN DE CARVAJAL
30049,30047,COSCOMATEPEC
30050,30048,COSOLEACAQUE
30051,30049,COTAXTLA
30052,30050,COXQUIHUI
30053,30051,COYUTLA
30054,30052,CUICHAPA
30055,30053,CUITLAHUAC
30056,30054,CHACALTIANGUIS
30057,30055,CHALMA
30058,30056,CHICONAMEL
30059,30057,CHICONQUIACO
30060,30058,CHICONTEPEC
30061,30059,CHINAMECA
30062,30060,CHINAMPA DE GOROSTIZA
30063,30061,CHOAPAS--LAS
30064,30062,CHOCAMAN
30065,30063,CHONTLA
30066,30064,CHUMATLAN
30067,30065,EMILIANO ZAPATA
30068,30066,ESPINAL
30069,30067,FILOMENO MATA
30070,30068,FORTIN
30071,30069,GUTIERREZ ZAMORA
30072,30070,HIDALGOTITLAN
30073,30071,HUATUSCO
30074,30072,HUAYACOCOTLA
30075,30073,HUEYAPAN DE OCAMPO
30076,30074,HUILOAPAN
30077,30075,IGNACIO DE LA LLAVE
30078,30076,ILAMATLAN
30079,30077,ISLA
30080,30078,IXCATEPEC
30081,30079,IXHUACAN DE LOS REYES
30083,30080,IXHUATLAN DEL CAFE
30085,30081,IXHUATLANCILLO
30084,30082,IXHUATLAN DEL SURESTE
30082,30083,IXHUATLAN DE MADERO
30086,30084,IXMATLAHUACAN
30087,30085,IXTACZOQUITLAN
30088,30086,JALACINGO
30089,30087,XALAPA
30090,30088,JALCOMULCO
30091,30089,JALTIPAN
30092,30090,JAMAPA
30093,30091,JESUS CARRANZA
30194,30092,XICO
30094,30093,JILOTEPEC
30095,30094,JUAN RODRIGUEZ CLARA
30096,30095,JUCHIQUE DE FERRER
30097,30096,LANDERO Y COSS
30098,30097,LERDO DE TEJADA
30099,30098,MAGDALENA
30100,30099,MALTRATA
30101,30100,MANLIO FABIO ALTAMIRANO
30102,30101,MARIANO ESCOBEDO
30103,30102,MARTINEZ DE LA TORRE
30104,30103,MECATLAN
30105,30104,MECAYAPAN
30106,30105,MEDELLIN
30107,30106,MIAHUATLAN
30108,30107,MINAS--LAS
30109,30108,MINATITLAN
30110,30109,MISANTLA
30111,30110,MIXTLA DE ALTAMIRANO
30112,30111,MOLOACAN
30113,30112,NAOLINCO
30114,30113,NARANJAL
30115,30114,NAUTLA
30116,30115,NOGALES
30117,30116,OLUTA
30118,30117,OMEALCA
30119,30118,ORIZABA
30120,30119,OTATITLAN
30121,30120,OTEAPAN
30122,30121,OZULUAMA DE MASCAREÑAS
30123,30122,PAJAPAN
30124,30123,PANUCO
30125,30124,PAPANTLA
30126,30125,PASO DEL MACHO
30127,30126,PASO DE OVEJAS
30128,30127,PERLA--LA
30129,30128,PEROTE
30130,30129,PLATON SANCHEZ
30131,30130,PLAYA VICENTE
30132,30131,POZA RICA DE HIDALGO
30137,30132,VIGAS DE RAMIREZ--LAS
30138,30137,REYES--LOS
30139,30138,RIO BLANCO
30140,30139,SALTABARRANCA
30141,30140,SAN ANDRES TENEJAPAN
30142,30141,SAN ANDRES TUXTLA
30143,30142,SAN JUAN EVANGELISTA
30144,30143,SANTIAGO TUXTLA
30145,30144,SAYULA DE ALEMAN
30146,30145,SOCONUSCO
30147,30146,SOCHIAPA
30148,30147,SOLEDAD ATZOMPA
30149,30148,SOLEDAD DE DOBLADO
30150,30149,SOTEAPAN
30151,30150,TAMALIN
30152,30151,TAMIAHUA
30153,30152,TAMPICO ALTO
30154,30153,TANCOCO
30155,30154,TANTIMA
30156,30155,TANTOYUCA
30157,30156,TATATILA
30033,30157,CASTILLO DE TEAYO
30008,30160,TEMAPACHE
30160,30161,TEMPOAL
30161,30162,TENAMPA
30162,30163,TENOCHTITLAN
30163,30164,TEOCELO
30164,30165,TEPATLAXCO
30165,30166,TEPETLAN
30166,30167,TEPETZINTLA
30167,30168,TEQUILA
30168,30169,JOSE AZUETA
30169,30170,TEXCATEPEC
30170,30171,TEXHUACAN
30171,30172,TEXISTEPEC
30172,30173,TEZONAPA
30173,30174,TIERRA BLANCA
30174,30175,TIHUATLAN
30175,30176,TLACOJALPAN
30176,30177,TLACOLULAN
30177,30178,TLACOTALPAN
30178,30179,TLACOTEPEC DE MEJIA
30179,30180,TLACHICHILCO
30180,30181,TLALIXCOYAN
30181,30182,TLALNELHUAYOCAN
30182,30183,TLAPACOYAN
30183,30184,TLAQUILPA
30184,30185,TLILAPAN
30185,30186,TOMATLAN
30186,30187,TONAYAN
30187,30188,TOTUTLA
30188,30189,TUXPAM
30189,30190,TUXTILLA
30190,30191,URSULO GALVAN
30191,30192,VEGA DE ALATORRE
30192,30193,VERACRUZ
30193,30194,VILLA ALDAMA
30206,30204,AGUA DULCE
30207,30205,HIGO--EL
30205,30206,NANCHITAL DE LAZARO CARDENAS DEL RIO
30204,30207,TRES VALLES
30210,30209,TATAHUICAPAN DE JUAREZ
30209,30210,UXPANAPA
