entidad,anio,archivo,nivel,filas,municipios,secciones,partidos_columnas,votos_emitidos,lista_nominal,participacion,fuente_lista_nominal,filas_validacion_ok,observaciones,desglose_partidos,aviso_desglose,entidad_cve,municipio_metodo
BAJA CALIFORNIA,2021,SE_GUB_BC_2021.csv,SECCION,2013,5,2013,19,1117714,2919177,0.3829,ORIGEN,2013/2013,,COMPLETO,,2,ORIGEN
BAJA CALIFORNIA SUR,2021,SE_GUB_BCS_2021.csv,SECCION,481,5,481,12,277526,561648,0.4941,INE_DIPUTACIONES_FED_2021,481/481,"El origen trae distrito local y seccion pero no municipio; el municipio se asigno por seccion (catalogo INE 2026, ver MUNICIPIO_FUENTE).",PARCIAL,"El instituto electoral solo reporta PAN, PRI y PRD como coalicion (UNIDOS_CONTIGO); no hay votos por cada uno de esos partidos.",3,CATALOGO_SECCION
CAMPECHE,2021,SE_GUB_CAMP_2021.csv,DISTRITO LOCAL -> MUNICIPIO,27,13,0,15,420286,668750,0.6285,ORIGEN,27/27,"El origen es por distrito local (resultados conforme al JRC SUP-JRC-128/2021). Se reparte a municipios con las secciones de cada distrito (cartel de distritacion IEEC, leido por OCR) ponderadas por lista nominal 2026; los distritos de un solo municipio son exactos, los mixtos son estimados (ver ASIGNACION_MUNICIPIO).",COMPLETO,,4,REPARTO_DISTRITO
CHIHUAHUA,2021,SE_GUB_CHIH_2021.csv,SECCION,3168,67,3167,16,1357120,2894148,0.4689,INE_DIPUTACIONES_FED_2021,3168/3168,,COMPLETO,,8,ORIGEN
COLIMA,2021,SE_GUB_COL_2021.csv,MUNICIPIO,11,10,0,13,297446,558812,0.5323,ORIGEN,11/11,El origen solo trae resultados por municipio (sin seccion) y solo coaliciones; no se encontro desglose por partido.,PARCIAL,El instituto electoral no publica MORENA por separado: reporta MORENA_PNA (MORENA con Nueva Alianza) y los votos de combinaciones de coalicion.,6,ORIGEN
GUERRERO,2021,SE_GUB_GRO_2021.csv,SECCION,2658,85,2657,12,1481820,2562492,0.5783,ORIGEN,2658/2658,"PROCODE IEPC Guerrero, corte 18-jul-2021 (5,008 de 5,013 actas) + voto en el extranjero del JSON del sitio. Municipio asignado por seccion.",COMPLETO,,12,CATALOGO_SECCION
MICHOACAN,2021,SE_GUB_MICH_2021.csv,SECCION,2654,113,2654,15,1748174,3516669,0.4971,INE_DIPUTACIONES_FED_2021,2654/2654,"La lista nominal del origen (3,808,490) esta inflada ~8% frente a la del computo federal (3,520,473); se uso la del computo federal por seccion.",COMPLETO,,16,ORIGEN
NAYARIT,2021,SE_GUB_NAY_2021.csv,SECCION,955,19,954,28,476188,888844,0.5357,ORIGEN,955/955,Nayarit.xlsx (computo con partidos individuales y lista nominal). La Yesca no celebro eleccion.,COMPLETO,,18,ORIGEN
NUEVO LEON,2021,SE_GUB_NL_2021.csv,SECCION,1282,51,1231,23,2143005,4150256,0.5164,SRC_MUNICIPAL_PRORRATEADA,1282/1282,Las filas 'ACTA MAC' (Consejo CEE) vienen con seccion 0 y se conservan por municipio.,COMPLETO,,19,ORIGEN
SAN LUIS POTOSI,2021,SE_GUB_SLP_2021.csv,SECCION,1786,58,1785,25,1215356,2068290,0.5876,INE_DIPUTACIONES_FED_2021,1786/1786,"La fila de totales del origen (1,205,480 votos) no coincide con la suma de sus casillas (1,215,356); se usa la suma de casillas.",COMPLETO,,24,ORIGEN
SINALOA,2021,SE_GUB_SIN_2021.csv,DISTRITO LOCAL -> MUNICIPIO,35,18,0,11,1102822,2232963,0.4939,SRC_MUNICIPAL_PRORRATEADA,35/35,"El origen es un cuadro por distrito local (PDF escaneado, transcrito a mano y validado contra su fila de totales). Se reparte a municipios con el listado de secciones por distrito del IEES (Secciones.pdf, distritacion 2016-2022) ponderado por lista nominal federal 2021; los distritos de un solo municipio son exactos, los mixtos son estimados (ver ASIGNACION_MUNICIPIO). Lista nominal: SRC 2021 por municipio repartida entre las piezas por votos.",COMPLETO,,25,REPARTO_DISTRITO
SONORA,2021,SE_GUB_SON_2021.csv,SECCION,1522,72,1522,6,958526,2187112,0.4383,ORIGEN,1522/1522,"GubernaturaSonora.xlsx coincide con el computo oficial (Durazo 496,651; Gandara 339,139; 3,748 actas). Sonora.xlsx es de ayuntamientos y no se uso.",SOLO_COALICIONES,"El instituto electoral solo publica el voto por coalicion (PAN_PRI_PRD y PT_PVEM_MORENA_NAS), no por partido individual.",26,ORIGEN
TLAXCALA,2021,SE_GUB_TLAX_2021.csv,MUNICIPIO,60,60,0,67,628916,973403,0.6461,ORIGEN,60/60,El origen solo trae resultados por municipio (sin seccion).,COMPLETO,,29,ORIGEN
ZACATECAS,2021,SE_GUB_ZAC_2021.csv,SECCION,1743,58,1742,37,691067,1210354,0.571,INE_DIPUTACIONES_FED_2021,1743/1743,"La lista nominal del origen (1,358,765) esta inflada ~12% frente a la del computo federal (1,211,040); se uso la del computo federal por seccion.",COMPLETO,,32,ORIGEN
AGUASCALIENTES,2022,SE_GUB_AGS_2022.csv,SECCION,622,11,622,13,475383,1045602,0.4547,SRC_MUNICIPAL_PRORRATEADA,622/622,Eleccion de 2022 (no 2021). El origen (18 distritos locales) no trae municipio ni lista nominal; municipio por seccion (catalogo INE 2026); el estado se identifico por su contenido.,COMPLETO,,1,CATALOGO_SECCION
QUINTANA ROO,2022,SE_GUB_QROO_2022.csv,SECCION,1033,11,1033,25,543213,1335173,0.4068,ORIGEN,1033/1033,Eleccion de 2022 (COMP_2022.zip). Municipio asignado por seccion (catalogo INE 2026).,COMPLETO,,23,CATALOGO_SECCION
