#,CVE_ENTIDAD,ENTIDAD,MUNICIPIO,DF,DL,SECCION,LISTA_NOMINAL,VOTOS_EMITIDOS,PARTICIPACION,ABSTENCION,1ER_LUGAR,1ERO_VOTOS,PCN,DIF_VOTOS_2DO,DIF_PCN_2DO,2DO_LUGAR,2DO_VOTOS,PCN,DIF_VOTOS_3RO,DIF_PCN_3RO,3ER_LUGAR,3RO_VOTOS,PCN,1PP_MV,VOTOS,PCN,DIF_2DO,PCN,2PP_MV,VOTOS,PCN,DIF_3RO,PCN,3PP_MV,VOTOS,PCN,PAN,PCN,PRI,PCN,PRD,PCN,PT,PCN,PVEM,PCN,MC,PCN,MORENA,PCN,PES,PCN,RSP,PCN,FxM,PCN,PAN_PRI_PRD,PCN,PAN_PRI,PCN,PAN_PRD,PCN,PRI_PRD,PCN,PT_MORENA,PCN,CNR,PCN,NULOS,PCN,TOT_VOTOS,VALIDACION,LN_FUENTE,NIVEL,DESGLOSE_PARTIDOS,ASIGNACION_MUNICIPIO
1,4,CAMPECHE,CALAKMUL,,21,,19754,13182,0.6673078870102258,0.3326921129897742,MORENA,5502,0.4173873463814292,2190,0.16613563950842059,PRI,3312,0.25125170687300863,514,0.03899256561978456,MC,2798,0.2122591412532241,MORENA,5502,0.4173873463814292,2190,0.16613563950842059,PRI,3312,0.25125170687300863,514,0.03899256561978456,MC,2798,0.2122591412532241,150,0.01137915339098771,3312,0.25125170687300863,192,0.01456531634046427,277,0.02101350326202397,71,0.005386132605067516,2798,0.2122591412532241,5502,0.4173873463814292,165,0.012517068730086482,158,0.011986041571840389,53,0.004020634198148991,93,0.007055075102412381,22,0.0016689424973448642,1,7.586102260658473e-05,11,0.0008344712486724321,29,0.0021999696555909574,1,7.586102260658473e-05,347,0.026323774844484903,13182,1.0,ORIGEN,DISTRITO LOCAL -> MUNICIPIO,COMPLETO,ESTIMADA_POR_SECCIONES_LN2026
2,4,CAMPECHE,CALKINI,,17,,21634,16060,0.7423500046223537,0.2576499953776463,MC,5747,0.35784557907845577,994,0.06189290161892902,MORENA,4753,0.29595267745952675,698,0.04346201743462017,PRI,4055,0.2524906600249066,MC,5747,0.35784557907845577,994,0.06189290161892902,MORENA,4753,0.29595267745952675,698,0.04346201743462017,PRI,4055,0.2524906600249066,242,0.015068493150684932,4055,0.2524906600249066,148,0.00921544209215442,248,0.015442092154420922,109,0.006787048567870485,5747,0.35784557907845577,4753,0.29595267745952675,93,0.005790784557907846,113,0.007036114570361146,116,0.007222914072229141,97,0.006039850560398506,17,0.0010585305105853052,2,0.00012453300124533,12,0.0007471980074719801,40,0.0024906600249066002,1,6.2266500622665e-05,267,0.016625155666251556,16060,1.0,ORIGEN,DISTRITO LOCAL -> MUNICIPIO,COMPLETO,ESTIMADA_POR_SECCIONES_LN2026
3,4,CAMPECHE,CALKINI,,19,,9375,7290,0.7776,0.22240000000000004,MC,2674,0.36680384087791496,495,0.06790123456790123,PRI,2179,0.2989026063100137,457,0.0626886145404664,MORENA,1722,0.23621399176954733,MC,2674,0.36680384087791496,495,0.06790123456790123,PRI,2179,0.2989026063100137,457,0.0626886145404664,MORENA,1722,0.23621399176954733,187,0.025651577503429356,2179,0.2989026063100137,30,0.00411522633744856,178,0.024417009602194787,47,0.0064471879286694105,2674,0.36680384087791496,1722,0.23621399176954733,36,0.0049382716049382715,30,0.00411522633744856,34,0.004663923182441701,31,0.004252400548696845,10,0.0013717421124828531,0,0.0,2,0.00027434842249657066,17,0.0023319615912208505,1,0.00013717421124828533,112,0.015363511659807956,7290,1.0,ORIGEN,DISTRITO LOCAL -> MUNICIPIO,COMPLETO,ESTIMADA_POR_SECCIONES_LN2026
4,4,CAMPECHE,CAMPECHE,,1,,29940,17259,0.5764529058116232,0.42354709418837677,MC,7874,0.45622573729648297,3850,0.22307202039515614,PRI,4024,0.23315371690132686,311,0.01801958398516716,MORENA,3713,0.21513413291615968,MC,7874,0.45622573729648297,3850,0.22307202039515614,PRI,4024,0.23315371690132686,311,0.01801958398516716,MORENA,3713,0.21513413291615968,333,0.01929428124456805,4024,0.23315371690132686,93,0.005388492960194681,176,0.010197578075207138,147,0.00851729532417869,7874,0.45622573729648297,3713,0.21513413291615968,132,0.0076481835564053535,48,0.0027811576568746743,45,0.002607335303320007,189,0.01095080827394403,69,0.003997914131757344,3,0.00017382235355466714,10,0.0005794078451822238,79,0.004577321976939568,1,5.7940784518222376e-05,323,0.018714873399385826,17259,1.0,ORIGEN,DISTRITO LOCAL -> MUNICIPIO,COMPLETO,EXACTA
5,4,CAMPECHE,CAMPECHE,,2,,31640,17982,0.5683312262958281,0.4316687737041719,MC,7734,0.4300967634300968,3237,0.18001334668001334,PRI,4497,0.25008341675008344,144,0.008008008008008008,MORENA,4353,0.24207540874207542,MC,7734,0.4300967634300968,3237,0.18001334668001334,PRI,4497,0.25008341675008344,144,0.008008008008008008,MORENA,4353,0.24207540874207542,274,0.015237459681904127,4497,0.25008341675008344,66,0.003670337003670337,168,0.009342676009342675,138,0.007674341007674341,7734,0.4300967634300968,4353,0.24207540874207542,96,0.005338672005338672,38,0.0021132243354465576,29,0.001612723834946057,244,0.013569124680235791,54,0.003003003003003003,1,5.5611166722277836e-05,7,0.0003892781670559448,85,0.004726949171393616,1,5.5611166722277836e-05,197,0.010955399844288734,17982,1.0,ORIGEN,DISTRITO LOCAL -> MUNICIPIO,COMPLETO,EXACTA
6,4,CAMPECHE,CAMPECHE,,3,,29180,17803,0.6101096641535299,0.38989033584647015,MC,6621,0.37190361175082853,1670,0.09380441498623827,MORENA,4951,0.2780991967645902,549,0.030837499297871145,PRI,4402,0.24726169746671908,MC,6621,0.37190361175082853,1670,0.09380441498623827,MORENA,4951,0.2780991967645902,549,0.030837499297871145,PRI,4402,0.24726169746671908,379,0.02128854687412234,4402,0.24726169746671908,91,0.005111498062124361,203,0.011402572600123576,220,0.012357467842498455,6621,0.37190361175082853,4951,0.2780991967645902,108,0.006066393304499242,51,0.002864685727124642,39,0.0021906420266247263,259,0.014548109869123181,63,0.0035387294276245577,1,5.617030837499298e-05,4,0.00022468123349997192,101,0.005673201145874291,3,0.00016851092512497893,307,0.017244284671122843,17803,1.0,ORIGEN,DISTRITO LOCAL -> MUNICIPIO,COMPLETO,EXACTA
7,4,CAMPECHE,CAMPECHE,,4,,31587,20474,0.6481780479311109,0.3518219520688891,MC,7187,0.35103057536387616,1351,0.06598612874865684,PRI,5836,0.2850444466152193,208,0.010159226335840578,MORENA,5628,0.27488522027937873,MC,7187,0.35103057536387616,1351,0.06598612874865684,PRI,5836,0.2850444466152193,208,0.010159226335840578,MORENA,5628,0.27488522027937873,330,0.01611800332128553,5836,0.2850444466152193,81,0.003956237178860994,242,0.011819869102276058,169,0.00825437139787047,7187,0.35103057536387616,5628,0.27488522027937873,144,0.007033310540197324,49,0.002393279281039367,47,0.0022955944124255154,236,0.011526814496434503,57,0.002784018755494774,2,9.768486861385171e-05,13,0.0006349516459900361,128,0.00625183159128651,3,0.00014652730292077757,322,0.015727263846830125,20474,1.0,ORIGEN,DISTRITO LOCAL -> MUNICIPIO,COMPLETO,EXACTA
8,4,CAMPECHE,CAMPECHE,,5,,31987,19668,0.6148747928846093,0.38512520711539067,MC,6813,0.34640024405125075,1216,0.06182631685987391,PRI,5597,0.28457392719137686,73,0.0037116127720154568,MORENA,5524,0.2808623144193614,MC,6813,0.34640024405125075,1216,0.06182631685987391,PRI,5597,0.28457392719137686,73,0.0037116127720154568,MORENA,5524,0.2808623144193614,320,0.016270083384177344,5597,0.28457392719137686,95,0.004830181004677649,220,0.011185682326621925,161,0.008185885702664226,6813,0.34640024405125075,5524,0.2808623144193614,104,0.0052877770998576365,51,0.0025930445393532644,65,0.003304860687411023,246,0.012507626601586334,53,0.0026947325605043725,1,5.08440105755542e-05,5,0.000254220052877771,108,0.005491153142159854,3,0.0001525320317266626,302,0.015354891193817369,19668,1.0,ORIGEN,DISTRITO LOCAL -> MUNICIPIO,COMPLETO,EXACTA
9,4,CAMPECHE,CAMPECHE,,6,,34015,22763,0.6692047626047332,0.33079523739526684,MC,8106,0.35610420419101174,1371,0.060229319509730705,PRI,6735,0.29587488468128104,955,0.041954048236172735,MORENA,5780,0.25392083644510827,MC,8106,0.35610420419101174,1371,0.060229319509730705,PRI,6735,0.29587488468128104,955,0.041954048236172735,MORENA,5780,0.25392083644510827,382,0.016781619294469096,6735,0.29587488468128104,185,0.008127224003865922,287,0.012608179941132539,135,0.005930676975794052,8106,0.35610420419101174,5780,0.25392083644510827,197,0.008654395290603172,86,0.0037780608882836183,39,0.0017133066818960593,181,0.007951500241620174,89,0.00390985370996793,1,4.393094056143742e-05,14,0.0006150331678601239,90,0.0039537846505293675,3,0.00013179282168431227,453,0.01990071607433115,22763,1.0,ORIGEN,DISTRITO LOCAL -> MUNICIPIO,COMPLETO,EXACTA
10,4,CAMPECHE,CAMPECHE,,7,,23455,18201,0.7759965892133873,0.22400341078661268,MC,5989,0.3290478545134883,839,0.04609636833141036,PRI,5150,0.2829514861820779,13,0.0007142464699741773,MORENA,5137,0.28223723971210374,MC,5989,0.3290478545134883,839,0.04609636833141036,PRI,5150,0.2829514861820779,13,0.0007142464699741773,MORENA,5137,0.28223723971210374,568,0.031207076534256358,5150,0.2829514861820779,74,0.004065710675237625,144,0.00791165320586781,131,0.007197406735893632,5989,0.3290478545134883,5137,0.28223723971210374,114,0.0062633921213120156,170,0.009340146145816164,48,0.00263721773528927,253,0.013900335146420527,79,0.004340420855996923,2,0.00010988407230371958,6,0.00032965221691115873,54,0.0029668699522004283,5,0.0002747101807592989,277,0.015218944014065162,18201,1.0,ORIGEN,DISTRITO LOCAL -> MUNICIPIO,COMPLETO,ESTIMADA_POR_SECCIONES_LN2026
11,4,CAMPECHE,CANDELARIA,,14,,33301,20287,0.6092009248971503,0.3907990751028497,MORENA,7916,0.3902006210873959,4220,0.2080149849657416,MC,3696,0.18218563612165425,290,0.014294868635086508,PRI,3406,0.16789076748656775,MORENA,7916,0.3902006210873959,4220,0.2080149849657416,MC,3696,0.18218563612165425,290,0.014294868635086508,PRI,3406,0.16789076748656775,3392,0.16720067038004632,3406,0.16789076748656775,96,0.004732094444718293,182,0.00897126238477843,102,0.005027850347513186,3696,0.18218563612165425,7916,0.3902006210873959,208,0.010252871296889635,216,0.010647212500616158,89,0.004387045891457584,127,0.0062601666091585744,219,0.010795090452013606,9,0.00044363385419233993,3,0.00014787795139744664,42,0.002070291319564253,0,0.0,584,0.02878690787203628,20287,1.0,ORIGEN,DISTRITO LOCAL -> MUNICIPIO,COMPLETO,EXACTA
12,4,CAMPECHE,CARMEN,,8,,31586,15188,0.4808459444057494,0.5191540555942507,MORENA,6397,0.42118777982617855,2664,0.17540163286805371,MC,3733,0.24578614695812484,221,0.014550961285225178,PRI,3512,0.23123518567289966,MORENA,6397,0.42118777982617855,2664,0.17540163286805371,MC,3733,0.24578614695812484,221,0.014550961285225178,PRI,3512,0.23123518567289966,345,0.02271530155385831,3512,0.23123518567289966,55,0.0036212799578614696,136,0.008954437713984725,150,0.009876218066894918,3733,0.24578614695812484,6397,0.42118777982617855,108,0.0071108770081643406,60,0.0039504872267579665,35,0.0023044508822754805,148,0.009744535159336319,65,0.004279694495654464,2,0.0001316829075585989,5,0.0003292072688964972,97,0.006386621016592047,6,0.0003950487226757967,334,0.021991045562286014,15188,1.0,ORIGEN,DISTRITO LOCAL -> MUNICIPIO,COMPLETO,EXACTA
13,4,CAMPECHE,CARMEN,,9,,31007,17453,0.562872899667817,0.43712710033218305,MORENA,6832,0.39145132641952674,2241,0.12840199392654558,MC,4591,0.2630493324929811,349,0.01999656219561107,PRI,4242,0.24305277029737007,MORENA,6832,0.39145132641952674,2241,0.12840199392654558,MC,4591,0.2630493324929811,349,0.01999656219561107,PRI,4242,0.24305277029737007,484,0.027731622070704176,4242,0.24305277029737007,68,0.0038961783074543056,134,0.007677763135277603,297,0.017017131725204835,4591,0.2630493324929811,6832,0.39145132641952674,108,0.006188047900074486,62,0.003552397868561279,52,0.002979430470406234,121,0.006932905517676044,36,0.002062682633358162,1,5.72967398155045e-05,10,0.000572967398155045,113,0.006474531599152008,5,0.0002864836990775225,297,0.017017131725204835,17453,1.0,ORIGEN,DISTRITO LOCAL -> MUNICIPIO,COMPLETO,EXACTA
14,4,CAMPECHE,CARMEN,,10,,29927,14477,0.4837437765228723,0.5162562234771277,MORENA,5908,0.4080955999171099,1986,0.1371831180493196,MC,3922,0.27091248186779027,639,0.044138979070249364,PRI,3283,0.22677350279754094,MORENA,5908,0.4080955999171099,1986,0.1371831180493196,MC,3922,0.27091248186779027,639,0.044138979070249364,PRI,3283,0.22677350279754094,419,0.028942460454514058,3283,0.22677350279754094,46,0.0031774538923810183,130,0.008979761000207226,167,0.011535539131035435,3922,0.27091248186779027,5908,0.4080955999171099,79,0.005456931684741314,45,0.0031083788077640394,41,0.002832078469296125,98,0.006769358292463909,25,0.0017268771154244664,0,0.0,8,0.0005526006769358292,74,0.00511155626165642,3,0.00020722525385093597,229,0.01581819437728811,14477,1.0,ORIGEN,DISTRITO LOCAL -> MUNICIPIO,COMPLETO,EXACTA
15,4,CAMPECHE,CARMEN,,11,,33072,15053,0.45515844218674406,0.5448415578132559,MORENA,6300,0.4185212250049824,1985,0.13186740184680795,MC,4315,0.28665382315817445,1225,0.08137912708430213,PRI,3090,0.20527469607387233,MORENA,6300,0.4185212250049824,1985,0.13186740184680795,MC,4315,0.28665382315817445,1225,0.08137912708430213,PRI,3090,0.20527469607387233,338,0.022453995881219692,3090,0.20527469607387233,45,0.00298943732146416,143,0.00949976748820833,173,0.01149272570251777,4315,0.28665382315817445,6300,0.4185212250049824,76,0.005048827476250581,72,0.004783099714342656,41,0.0027237095595562346,103,0.006842489869129077,22,0.0014615026904935893,0,0.0,4,0.0002657277619079253,74,0.004915963595296619,4,0.0002657277619079253,253,0.016807280940676277,15053,1.0,ORIGEN,DISTRITO LOCAL -> MUNICIPIO,COMPLETO,EXACTA
16,4,CAMPECHE,CARMEN,,12,,33081,21261,0.6426952026843203,0.35730479731567966,MORENA,7147,0.33615540190959975,1167,0.054889233808381545,MC,5980,0.2812661681012182,467,0.021965100418606838,PRI,5513,0.25930106768261135,MORENA,7147,0.33615540190959975,1167,0.054889233808381545,MC,5980,0.2812661681012182,467,0.021965100418606838,PRI,5513,0.25930106768261135,582,0.02737406518978411,5513,0.25930106768261135,202,0.009500964206763558,282,0.013263722308452096,108,0.0050797234372795255,5980,0.2812661681012182,7147,0.33615540190959975,190,0.008936550491510277,182,0.008560274681341424,103,0.004844551055923992,203,0.009547998683034664,103,0.004844551055923992,7,0.00032924133389774704,10,0.0004703447627110672,59,0.0027750340999952963,1,4.7034476271106725e-05,589,0.02770330652368186,21261,1.0,ORIGEN,DISTRITO LOCAL -> MUNICIPIO,COMPLETO,EXACTA
17,4,CAMPECHE,CARMEN,,20,,24423,16303,0.6675265118945256,0.3324734881054744,MORENA,5865,0.3597497393117831,1012,0.06207446482242532,PRI,4853,0.29767527448935777,767,0.04704655584861682,MC,4086,0.250628718640741,MORENA,5865,0.3597497393117831,1012,0.06207446482242532,PRI,4853,0.29767527448935777,767,0.04704655584861682,MC,4086,0.250628718640741,176,0.010795559099552229,4853,0.29767527448935777,91,0.0055817947617003,374,0.022940563086548488,127,0.00778997730479053,4086,0.250628718640741,5865,0.3597497393117831,72,0.004416365086180458,72,0.004416365086180458,37,0.0022695209470649574,130,0.007973992516714715,23,0.0014107832914187573,0,0.0,15,0.0009200760596209287,78,0.004784395510028829,1,6.133840397472858e-05,303,0.01858553640434276,16303,1.0,ORIGEN,DISTRITO LOCAL -> MUNICIPIO,COMPLETO,ESTIMADA_POR_SECCIONES_LN2026
18,4,CAMPECHE,CHAMPOTON,,15,,33648,21534,0.639978601997147,0.36002139800285304,MORENA,7853,0.3646791121017925,1736,0.08061669917340021,MC,6117,0.2840624129283923,1059,0.04917804402340485,PRI,5058,0.23488436890498746,MORENA,7853,0.3646791121017925,1736,0.08061669917340021,MC,6117,0.2840624129283923,1059,0.04917804402340485,PRI,5058,0.23488436890498746,600,0.027862914460852605,5058,0.23488436890498746,137,0.006362032135228011,382,0.017739388873409492,115,0.005340391938330083,6117,0.2840624129283923,7853,0.3646791121017925,174,0.008080245193647256,172,0.00798736881211108,46,0.002136156775332033,235,0.010912974830500603,79,0.003668617070678926,2,9.287638153617534e-05,11,0.0005108200984489644,79,0.003668617070678926,2,9.287638153617534e-05,472,0.021918826042537382,21534,1.0,ORIGEN,DISTRITO LOCAL -> MUNICIPIO,COMPLETO,EXACTA
19,4,CAMPECHE,CHAMPOTON,,16,,20262,13740,0.6781166716020136,0.3218833283979864,MORENA,4692,0.3414847161572052,711,0.051746724890829696,PRI,3981,0.28973799126637556,268,0.01950509461426492,MC,3713,0.27023289665211064,MORENA,4692,0.3414847161572052,711,0.051746724890829696,PRI,3981,0.28973799126637556,268,0.01950509461426492,MC,3713,0.27023289665211064,171,0.012445414847161572,3981,0.28973799126637556,80,0.005822416302765648,220,0.01601164483260553,94,0.006841339155749636,3713,0.27023289665211064,4692,0.3414847161572052,108,0.007860262008733625,114,0.008296943231441048,36,0.0026200873362445414,125,0.009097525473071324,35,0.002547307132459971,3,0.0002183406113537118,8,0.0005822416302765648,36,0.0026200873362445414,1,7.27802037845706e-05,323,0.023508005822416304,13740,1.0,ORIGEN,DISTRITO LOCAL -> MUNICIPIO,COMPLETO,ESTIMADA_POR_SECCIONES_LN2026
20,4,CAMPECHE,DZITBALCHE,,17,,11735,8709,0.742138900724329,0.257861099275671,MC,3118,0.358020438626708,540,0.062004822597313124,MORENA,2578,0.29601561602939486,379,0.043518199563669764,PRI,2199,0.2524974164657251,MC,3118,0.358020438626708,540,0.062004822597313124,MORENA,2578,0.29601561602939486,379,0.043518199563669764,PRI,2199,0.2524974164657251,131,0.015041910667125962,2199,0.2524974164657251,80,0.009185899644046388,134,0.015386381903777701,59,0.006774600987484212,3118,0.358020438626708,2578,0.29601561602939486,51,0.0058560110230795725,61,0.007004248478585371,63,0.007233895969686531,52,0.005970834768630153,9,0.0010334137099552187,1,0.00011482374555057986,7,0.000803766218854059,21,0.002411298656562177,0,0.0,145,0.01664944310483408,8709,1.0,ORIGEN,DISTRITO LOCAL -> MUNICIPIO,COMPLETO,ESTIMADA_POR_SECCIONES_LN2026
21,4,CAMPECHE,ESCARCEGA,,13,,33244,19800,0.5955961978101312,0.4044038021898688,MC,7672,0.38747474747474747,2443,0.12338383838383839,MORENA,5229,0.2640909090909091,1220,0.06161616161616162,PRI,4009,0.20247474747474747,MC,7672,0.38747474747474747,2443,0.12338383838383839,MORENA,5229,0.2640909090909091,1220,0.06161616161616162,PRI,4009,0.20247474747474747,1082,0.054646464646464644,4009,0.20247474747474747,133,0.006717171717171717,231,0.011666666666666667,198,0.01,7672,0.38747474747474747,5229,0.2640909090909091,135,0.006818181818181818,111,0.005606060606060606,36,0.0018181818181818182,222,0.011212121212121211,134,0.006767676767676768,4,0.00020202020202020202,13,0.0006565656565656566,59,0.00297979797979798,3,0.00015151515151515152,529,0.026717171717171716,19800,1.0,ORIGEN,DISTRITO LOCAL -> MUNICIPIO,COMPLETO,EXACTA
22,4,CAMPECHE,ESCARCEGA,,21,,9291,6202,0.667527714993004,0.332472285006996,MORENA,2588,0.41728474685585293,1030,0.16607545952918412,PRI,1558,0.2512092873266688,242,0.03901967107384715,MC,1316,0.21218961625282168,MORENA,2588,0.41728474685585293,1030,0.16607545952918412,PRI,1558,0.2512092873266688,242,0.03901967107384715,MC,1316,0.21218961625282168,70,0.011286681715575621,1558,0.2512092873266688,91,0.014672686230248307,131,0.021122218639148663,34,0.005482102547565301,1316,0.21218961625282168,2588,0.41728474685585293,77,0.012415349887133182,75,0.012092873266688165,25,0.004030957755562722,44,0.00709448564979039,11,0.0017736214124475975,1,0.00016123831022250886,5,0.0008061915511125443,13,0.002096098032892615,0,0.0,163,0.026281844566268947,6202,1.0,ORIGEN,DISTRITO LOCAL -> MUNICIPIO,COMPLETO,ESTIMADA_POR_SECCIONES_LN2026
23,4,CAMPECHE,HECELCHAKAN,,19,,23362,18167,0.777630339868162,0.222369660131838,MC,6665,0.36687400231188416,1235,0.06798040402928386,PRI,5430,0.2988935982826003,1138,0.06264105245775307,MORENA,4292,0.23625254582484725,MC,6665,0.36687400231188416,1235,0.06798040402928386,PRI,5430,0.2988935982826003,1138,0.06264105245775307,MORENA,4292,0.23625254582484725,465,0.025595860626410526,5430,0.2988935982826003,75,0.004128364617162988,443,0.024384873672042714,117,0.006440248802774261,6665,0.36687400231188416,4292,0.23625254582484725,91,0.005009082402157758,75,0.004128364617162988,84,0.004623768371222546,76,0.004183409478725161,25,0.0013761215390543293,0,0.0,5,0.00027522430781086585,44,0.0024219739087356193,2,0.00011008972312434634,278,0.015302471514284141,18167,1.0,ORIGEN,DISTRITO LOCAL -> MUNICIPIO,COMPLETO,ESTIMADA_POR_SECCIONES_LN2026
24,4,CAMPECHE,HOPELCHEN,,18,,28711,20595,0.7173208874647348,0.28267911253526523,MC,7213,0.3502306385044914,326,0.01582908472930323,PRI,6887,0.33440155377518815,2092,0.10157805292546734,MORENA,4795,0.2328235008497208,MC,7213,0.3502306385044914,326,0.01582908472930323,PRI,6887,0.33440155377518815,2092,0.10157805292546734,MORENA,4795,0.2328235008497208,430,0.02087885409079874,6887,0.33440155377518815,192,0.009322651128914785,269,0.013061422675406652,71,0.00344743869871328,7213,0.3502306385044914,4795,0.2328235008497208,110,0.005341102209274096,129,0.0062636562272396215,33,0.0016023306627822287,116,0.005632435057052683,32,0.0015537751881524642,1,4.8555474629764505e-05,9,0.00043699927166788056,30,0.0014566642388929353,0,0.0,278,0.013498421947074533,20595,1.0,ORIGEN,DISTRITO LOCAL -> MUNICIPIO,COMPLETO,EXACTA
25,4,CAMPECHE,PALIZADA,,20,,7259,4845,0.667447306791569,0.33255269320843095,MORENA,1743,0.35975232198142415,301,0.06212590299277606,PRI,1442,0.2976264189886481,228,0.047058823529411764,MC,1214,0.25056759545923635,MORENA,1743,0.35975232198142415,301,0.06212590299277606,PRI,1442,0.2976264189886481,228,0.047058823529411764,MC,1214,0.25056759545923635,52,0.010732714138286893,1442,0.2976264189886481,27,0.005572755417956657,111,0.022910216718266253,38,0.00784313725490196,1214,0.25056759545923635,1743,0.35975232198142415,22,0.004540763673890609,21,0.0043343653250774,11,0.0022703818369453044,39,0.00804953560371517,7,0.0014447884416924665,0,0.0,5,0.0010319917440660474,23,0.004747162022703818,0,0.0,90,0.018575851393188854,4845,1.0,ORIGEN,DISTRITO LOCAL -> MUNICIPIO,COMPLETO,ESTIMADA_POR_SECCIONES_LN2026
26,4,CAMPECHE,SEYBAPLAYA,,16,,13240,8978,0.6780966767371601,0.3219033232628399,MORENA,3066,0.3415014479839608,464,0.051681889062151924,PRI,2602,0.2898195589218089,176,0.019603475161505905,MC,2426,0.270216083760303,MORENA,3066,0.3415014479839608,464,0.051681889062151924,PRI,2602,0.2898195589218089,176,0.019603475161505905,MC,2426,0.270216083760303,112,0.01247493873914012,2602,0.2898195589218089,53,0.005903319224771664,144,0.01603920695032301,61,0.006794386277567387,2426,0.270216083760303,3066,0.3415014479839608,70,0.007796836711962575,74,0.008242370238360436,24,0.0026732011583871684,81,0.009022053909556694,23,0.0025618177767877033,2,0.00022276676319893073,6,0.0006683002895967921,23,0.0025618177767877033,0,0.0,211,0.02350189351748719,8978,1.0,ORIGEN,DISTRITO LOCAL -> MUNICIPIO,COMPLETO,ESTIMADA_POR_SECCIONES_LN2026
27,4,CAMPECHE,TENABO,,7,,9034,7012,0.7761788797874696,0.22382112021253042,MC,2307,0.3290074158585282,323,0.04606389047347405,PRI,1984,0.2829435253850542,6,0.0008556759840273817,MORENA,1978,0.2820878494010268,MC,2307,0.3290074158585282,323,0.04606389047347405,PRI,1984,0.2829435253850542,6,0.0008556759840273817,MORENA,1978,0.2820878494010268,219,0.03123217341699943,1984,0.2829435253850542,29,0.004135767256132345,55,0.007843696520250997,50,0.00713063320022818,2307,0.3290074158585282,1978,0.2820878494010268,44,0.006274957216200799,66,0.009412435824301199,19,0.0027096406160867087,97,0.01383342840844267,31,0.004420992584141472,1,0.0001426126640045636,2,0.0002852253280091272,21,0.0029948659440958356,2,0.0002852253280091272,107,0.015259555048488306,7012,1.0,ORIGEN,DISTRITO LOCAL -> MUNICIPIO,COMPLETO,ESTIMADA_POR_SECCIONES_LN2026
