#,CVE_ENTIDAD,ENTIDAD,MUNICIPIO,DF,DL,SECCION,LISTA_NOMINAL,VOTOS_EMITIDOS,PARTICIPACION,ABSTENCION,1ER_LUGAR,1ERO_VOTOS,PCN,DIF_VOTOS_2DO,DIF_PCN_2DO,2DO_LUGAR,2DO_VOTOS,PCN,DIF_VOTOS_3RO,DIF_PCN_3RO,3ER_LUGAR,3RO_VOTOS,PCN,1PP_MV,VOTOS,PCN,DIF_2DO,PCN,2PP_MV,VOTOS,PCN,DIF_3RO,PCN,3PP_MV,VOTOS,PCN,PAN,PCN,PRI,PCN,PRD,PCN,PT,PCN,PVEM,PCN,MC,PCN,PAS,PCN,MORENA,PCN,PES,PCN,RSP,PCN,FxM,PCN,CNR,PCN,NULOS,PCN,TOT_VOTOS,VALIDACION,LN_FUENTE,NIVEL,DESGLOSE_PARTIDOS,ASIGNACION_MUNICIPIO
1,25,SINALOA,AHOME,,2,,94868,45259,0.47707340726061476,0.5229265927393852,MORENA,20390,0.4505181289909189,8437,0.18641596146622771,PRI,11953,0.26410216752469123,7467,0.16498376013610552,PAN,4486,0.0991184073885857,MORENA,20390,0.4505181289909189,8437,0.18641596146622771,PRI,11953,0.26410216752469123,7467,0.16498376013610552,PAN,4486,0.0991184073885857,4486,0.0991184073885857,11953,0.26410216752469123,703,0.015532822201109171,1384,0.030579553238030004,193,0.004264345213106786,969,0.021410106277204535,3294,0.07278110431074482,20390,0.4505181289909189,186,0.004109679842683223,277,0.006120329658189531,492,0.010870766035484656,28,0.0006186614816942487,904,0.019973927837557172,45259,1.0,SRC_MUNICIPAL_PRORRATEADA,DISTRITO LOCAL -> MUNICIPIO,COMPLETO,EXACTA
2,25,SINALOA,AHOME,,3,,87999,41982,0.4770736031091262,0.5229263968908737,MORENA,22423,0.5341098566052117,12825,0.3054880663141346,PRI,9598,0.22862179029107713,6936,0.1652136629984279,PAS,2662,0.06340812729264923,MORENA,22423,0.5341098566052117,12825,0.3054880663141346,PRI,9598,0.22862179029107713,6936,0.1652136629984279,PAS,2662,0.06340812729264923,1723,0.04104139869467867,9598,0.22862179029107713,522,0.012433900242961269,1473,0.03508646562812634,162,0.003858796627125911,882,0.021009003858796626,2662,0.06340812729264923,22423,0.5341098566052117,230,0.005478538421228145,357,0.00850364441903673,659,0.015697203563431947,33,0.0007860511647849078,1258,0.029965223190891333,41982,1.0,SRC_MUNICIPAL_PRORRATEADA,DISTRITO LOCAL -> MUNICIPIO,COMPLETO,EXACTA
3,25,SINALOA,AHOME,,4,,60374,28803,0.4770762248650081,0.5229237751349919,MORENA,13272,0.46078533486095197,5348,0.18567510328785197,PRI,7924,0.27511023157310005,5087,0.17661354719994446,PAN,2837,0.09849668437315558,MORENA,13272,0.46078533486095197,5348,0.18567510328785197,PRI,7924,0.27511023157310005,5087,0.17661354719994446,PAN,2837,0.09849668437315558,2837,0.09849668437315558,7924,0.27511023157310005,375,0.013019477137798146,505,0.017532895878901503,116,0.0040273582612922266,490,0.017012116793389577,1723,0.05982015762246988,13272,0.46078533486095197,90,0.003124674513071555,209,0.007256188591466167,323,0.011214109641356803,12,0.00041662326840954066,927,0.032184147484637014,28803,1.0,SRC_MUNICIPAL_PRORRATEADA,DISTRITO LOCAL -> MUNICIPIO,COMPLETO,ESTIMADA_POR_SECCIONES_LN2021
4,25,SINALOA,AHOME,,5,,94151,44917,0.4770740618793215,0.5229259381206786,MORENA,17432,0.3880935948527284,8544,0.1902175123004653,PRI,8888,0.19787608255226305,2452,0.05458957632967473,PAN,6436,0.14328650622258832,MORENA,17432,0.3880935948527284,8544,0.1902175123004653,PRI,8888,0.19787608255226305,2452,0.05458957632967473,PAN,6436,0.14328650622258832,6436,0.14328650622258832,8888,0.19787608255226305,772,0.01718725649531358,3417,0.0760736469488167,497,0.011064852950998509,2384,0.053075672907807736,1991,0.04432620166084111,17432,0.3880935948527284,403,0.008972104103123539,579,0.012890442371485183,1006,0.02239686532938531,31,0.000690161854086426,1081,0.02406661175056215,44917,1.0,SRC_MUNICIPAL_PRORRATEADA,DISTRITO LOCAL -> MUNICIPIO,COMPLETO,EXACTA
5,25,SINALOA,ANGOSTURA,,9,,36403,22522,0.6186852731917699,0.3813147268082301,MORENA,11835,0.5254861912796377,6497,0.28847349258502797,PRI,5338,0.23701269869460972,2521,0.11193499689192789,PAS,2817,0.12507770180268182,MORENA,11835,0.5254861912796377,6497,0.28847349258502797,PRI,5338,0.23701269869460972,2521,0.11193499689192789,PAS,2817,0.12507770180268182,966,0.042891395080365866,5338,0.23701269869460972,313,0.013897522422520202,76,0.003374478287896279,105,0.0046621081609093335,221,0.009812627652961549,2817,0.12507770180268182,11835,0.5254861912796377,78,0.003463280348104076,228,0.010123434863688838,154,0.006837758636000355,2,8.880206020779682e-05,389,0.017272000710416482,22522,1.0,SRC_MUNICIPAL_PRORRATEADA,DISTRITO LOCAL -> MUNICIPIO,COMPLETO,ESTIMADA_POR_SECCIONES_LN2021
6,25,SINALOA,BADIRAGUATO,,10,,22726,13451,0.5918771451201267,0.4081228548798733,MORENA,5845,0.4345401828860308,2178,0.1619210467623225,PRI,3667,0.27261913612370825,2126,0.15805516318489332,PAS,1541,0.11456397293881496,MORENA,5845,0.4345401828860308,2178,0.1619210467623225,PRI,3667,0.27261913612370825,2126,0.15805516318489332,PAS,1541,0.11456397293881496,379,0.02817634376626273,3667,0.27261913612370825,563,0.04185562411716601,189,0.014050999925656085,55,0.0040889153222808715,482,0.035833767006170546,1541,0.11456397293881496,5845,0.4345401828860308,142,0.010556835922979704,104,0.007731767154858375,89,0.006616608430599955,2,0.0001486878299011226,393,0.02921715857557059,13451,1.0,SRC_MUNICIPAL_PRORRATEADA,DISTRITO LOCAL -> MUNICIPIO,COMPLETO,ESTIMADA_POR_SECCIONES_LN2021
7,25,SINALOA,CHOIX,,1,,23245,13356,0.5745751774575177,0.42542482254248226,MORENA,6544,0.48996705600479185,4402,0.32958969751422584,PRI,2142,0.16037735849056603,1107,0.08288409703504043,PVEM,1035,0.07749326145552561,MORENA,6544,0.48996705600479185,4402,0.32958969751422584,PRI,2142,0.16037735849056603,1107,0.08288409703504043,PVEM,1035,0.07749326145552561,900,0.0673854447439353,2142,0.16037735849056603,774,0.057951482479784364,52,0.003893381251871818,1035,0.07749326145552561,493,0.03691224917640012,724,0.05420784666067685,6544,0.48996705600479185,65,0.004866726564839772,124,0.009284216831386643,115,0.008610362383947289,1,7.487271638215035e-05,387,0.028975741239892182,13356,1.0,SRC_MUNICIPAL_PRORRATEADA,DISTRITO LOCAL -> MUNICIPIO,COMPLETO,ESTIMADA_POR_SECCIONES_LN2021
8,25,SINALOA,CONCORDIA,,23,,19440,9313,0.47906378600823046,0.5209362139917695,MORENA,4589,0.4927520670031139,2703,0.29023945023086006,PRI,1886,0.20251261677225385,736,0.07902931386234296,PAS,1150,0.12348330290991087,MORENA,4589,0.4927520670031139,2703,0.29023945023086006,PRI,1886,0.20251261677225385,736,0.07902931386234296,PAS,1150,0.12348330290991087,584,0.06270804252120692,1886,0.20251261677225385,227,0.024374530226565015,63,0.006764737463760335,56,0.006013099967786964,218,0.02340813916031354,1150,0.12348330290991087,4589,0.4927520670031139,96,0.010308171373349082,65,0.0069794910340384405,114,0.012240953505852034,3,0.0003221303554171588,262,0.02813271770643187,9313,1.0,SRC_MUNICIPAL_PRORRATEADA,DISTRITO LOCAL -> MUNICIPIO,COMPLETO,ESTIMADA_POR_SECCIONES_LN2021
9,25,SINALOA,COSALA,,19,,12654,7324,0.5787893156314209,0.4212106843685791,MORENA,2570,0.3509011469142545,695,0.09489350081922447,PRI,1875,0.25600764609503,866,0.1182413981430912,PAS,1009,0.13776624795193884,MORENA,2570,0.3509011469142545,695,0.09489350081922447,PRI,1875,0.25600764609503,866,0.1182413981430912,PAS,1009,0.13776624795193884,181,0.024713271436373568,1875,0.25600764609503,63,0.00860185690879301,617,0.08424358274167122,167,0.022801747678864007,108,0.01474604041507373,1009,0.13776624795193884,2570,0.3509011469142545,397,0.054205352266521026,47,0.006417258328782086,31,0.004232659748771164,0,0.0,259,0.035363189513926814,7324,1.0,SRC_MUNICIPAL_PRORRATEADA,DISTRITO LOCAL -> MUNICIPIO,COMPLETO,ESTIMADA_POR_SECCIONES_LN2021
10,25,SINALOA,CULIACAN,,12,,119289,55870,0.4683583565961656,0.5316416434038345,MORENA,28532,0.5106855199570431,15822,0.28319312690173615,PRI,12710,0.22749239305530697,7832,0.1401825666726329,PAN,4878,0.08730982638267407,MORENA,28532,0.5106855199570431,15822,0.28319312690173615,PRI,12710,0.22749239305530697,7832,0.1401825666726329,PAN,4878,0.08730982638267407,4878,0.08730982638267407,12710,0.22749239305530697,571,0.010220153928763201,219,0.003919813853588688,234,0.00418829425451942,1734,0.031036334347592627,4328,0.07746554501521388,28532,0.5106855199570431,503,0.009003042777877215,390,0.006980490424199033,861,0.01541077501342402,30,0.0005369608018614641,880,0.01575085018793628,55870,1.0,SRC_MUNICIPAL_PRORRATEADA,DISTRITO LOCAL -> MUNICIPIO,COMPLETO,EXACTA
11,25,SINALOA,CULIACAN,,13,,103401,48429,0.46836104099573506,0.5316389590042649,MORENA,22970,0.47430258729273783,10858,0.2242045055648475,PRI,12112,0.25009808172789033,7119,0.14699869912655641,PAN,4993,0.10309938260133392,MORENA,22970,0.47430258729273783,10858,0.2242045055648475,PRI,12112,0.25009808172789033,7119,0.14699869912655641,PAN,4993,0.10309938260133392,4993,0.10309938260133392,12112,0.25009808172789033,556,0.01148072435937145,237,0.004893762002106176,241,0.0049763571413822295,1356,0.02799975221458217,3556,0.07342707881641165,22970,0.47430258729273783,439,0.009064816535546883,393,0.008114972433872266,556,0.01148072435937145,45,0.000929195316855603,975,0.020132565198538066,48429,1.0,SRC_MUNICIPAL_PRORRATEADA,DISTRITO LOCAL -> MUNICIPIO,COMPLETO,EXACTA
12,25,SINALOA,CULIACAN,,14,,123548,57865,0.4683604752808625,0.5316395247191374,MORENA,26997,0.4665514559751145,12467,0.2154497537371468,PRI,14530,0.2511017022379677,7625,0.13177222846280134,PAN,6905,0.11932947377516634,MORENA,26997,0.4665514559751145,12467,0.2154497537371468,PRI,14530,0.2511017022379677,7625,0.13177222846280134,PAN,6905,0.11932947377516634,6905,0.11932947377516634,14530,0.2511017022379677,613,0.010593623088222587,196,0.0033871943316339755,260,0.0044932169705348655,1845,0.03188455888706472,3907,0.06751922578415277,26997,0.4665514559751145,494,0.008537112244016244,316,0.005460986779573144,812,0.014032662231055043,26,0.0004493216970534866,964,0.016659465998444655,57865,1.0,SRC_MUNICIPAL_PRORRATEADA,DISTRITO LOCAL -> MUNICIPIO,COMPLETO,EXACTA
13,25,SINALOA,CULIACAN,,15,,89523,41929,0.46836008623482234,0.5316399137651777,MORENA,21504,0.5128669894345202,12388,0.2954518352452956,PRI,9116,0.21741515418922464,5275,0.12580791337737604,PAN,3841,0.0916072408118486,MORENA,21504,0.5128669894345202,12388,0.2954518352452956,PRI,9116,0.21741515418922464,5275,0.12580791337737604,PAN,3841,0.0916072408118486,3841,0.0916072408118486,9116,0.21741515418922464,436,0.01039853084976985,256,0.006105559398030003,227,0.005413913997471917,1433,0.034176822724128884,3028,0.07221731975482364,21504,0.5128669894345202,506,0.012068019747668678,243,0.005795511459848792,574,0.013689808962770398,16,0.0003815974623768752,749,0.01786353120751747,41929,1.0,SRC_MUNICIPAL_PRORRATEADA,DISTRITO LOCAL -> MUNICIPIO,COMPLETO,EXACTA
14,25,SINALOA,CULIACAN,,16,,75897,35547,0.4683584331396498,0.5316415668603502,MORENA,20454,0.5754072073592709,13848,0.38956873997805724,PRI,6606,0.1858384673812136,3996,0.11241454975103385,PAS,2610,0.07342391763017976,MORENA,20454,0.5754072073592709,13848,0.38956873997805724,PRI,6606,0.1858384673812136,3996,0.11241454975103385,PAS,2610,0.07342391763017976,1789,0.050327735111261145,6606,0.1858384673812136,310,0.008720848454159283,186,0.005232509072495569,245,0.00689228345570653,1461,0.041100514811376485,2610,0.07342391763017976,20454,0.5754072073592709,440,0.012377978451064788,238,0.006695361071257772,509,0.014319070526345401,23,0.0006470306917602048,676,0.01901707598390863,35547,1.0,SRC_MUNICIPAL_PRORRATEADA,DISTRITO LOCAL -> MUNICIPIO,COMPLETO,EXACTA
15,25,SINALOA,CULIACAN,,17,,83942,39315,0.46835910509637607,0.531640894903624,MORENA,21407,0.5444995548772733,13550,0.3446521683835686,PRI,7857,0.1998473864937047,4607,0.11718173725041332,PAS,3250,0.08266564924329137,MORENA,21407,0.5444995548772733,13550,0.3446521683835686,PRI,7857,0.1998473864937047,4607,0.11718173725041332,PAS,3250,0.08266564924329137,1865,0.04743736487345797,7857,0.1998473864937047,405,0.01030141167493323,290,0.0073763194709398445,252,0.0064097672644029,1923,0.04891262876764594,3250,0.08266564924329137,21407,0.5444995548772733,443,0.011267963881470177,244,0.00620628258934249,421,0.01070838102505405,20,0.0005087116876510238,938,0.023858578150833015,39315,1.0,SRC_MUNICIPAL_PRORRATEADA,DISTRITO LOCAL -> MUNICIPIO,COMPLETO,EXACTA
16,25,SINALOA,CULIACAN,,18,,90085,42192,0.46835766220791475,0.5316423377920853,MORENA,23129,0.5481844899507016,14394,0.3411547212741752,PRI,8735,0.20702976867652637,4464,0.10580204778156997,PAS,4271,0.1012277208949564,MORENA,23129,0.5481844899507016,14394,0.3411547212741752,PRI,8735,0.20702976867652637,4464,0.10580204778156997,PAS,4271,0.1012277208949564,1683,0.03988907849829351,8735,0.20702976867652637,480,0.011376564277588168,435,0.010310011376564277,219,0.0051905574516496016,1207,0.02860731892301858,4271,0.1012277208949564,23129,0.5481844899507016,403,0.0095515737580584,306,0.007252559726962458,422,0.010001896094046265,7,0.0001659082290481608,895,0.021212552142586272,42192,1.0,SRC_MUNICIPAL_PRORRATEADA,DISTRITO LOCAL -> MUNICIPIO,COMPLETO,EXACTA
17,25,SINALOA,CULIACAN,,19,,34792,16295,0.4683547942055645,0.5316452057944355,MORENA,5715,0.3507210800859159,1544,0.09475299171525008,PRI,4171,0.25596808837066587,1926,0.11819576557226143,PAS,2245,0.13777232279840443,MORENA,5715,0.3507210800859159,1544,0.09475299171525008,PRI,4171,0.25596808837066587,1926,0.11819576557226143,PAS,2245,0.13777232279840443,404,0.024792881251917767,4171,0.25596808837066587,141,0.008652961030991101,1373,0.08425897514575023,372,0.02282908867750844,241,0.014789812826020252,2245,0.13777232279840443,5715,0.3507210800859159,884,0.054249769868057685,104,0.006382325866830316,70,0.004295796256520405,0,0.0,575,0.03528689782141761,16295,1.0,SRC_MUNICIPAL_PRORRATEADA,DISTRITO LOCAL -> MUNICIPIO,COMPLETO,ESTIMADA_POR_SECCIONES_LN2021
18,25,SINALOA,EL FUERTE,,1,,72402,41332,0.5708682080605508,0.42913179193944917,MORENA,20249,0.4899109648698345,13620,0.32952675892770733,PRI,6629,0.16038420594212716,3425,0.0828655763089132,PVEM,3204,0.07751862963321397,MORENA,20249,0.4899109648698345,13620,0.32952675892770733,PRI,6629,0.16038420594212716,3425,0.0828655763089132,PVEM,3204,0.07751862963321397,2785,0.06738120584534985,6629,0.16038420594212716,2393,0.0578970289364173,161,0.003895286944740153,3204,0.07751862963321397,1527,0.036944740152908155,2240,0.05419529662247169,20249,0.4899109648698345,200,0.004838865769863544,385,0.009314816606987322,357,0.008637375399206426,5,0.0001209716442465886,1197,0.02896061163263331,41332,1.0,SRC_MUNICIPAL_PRORRATEADA,DISTRITO LOCAL -> MUNICIPIO,COMPLETO,ESTIMADA_POR_SECCIONES_LN2021
19,25,SINALOA,ELOTA,,19,,32485,19187,0.5906418346929352,0.4093581653070648,MORENA,6729,0.35070620732787827,1818,0.09475165476624799,PRI,4911,0.25595455256163024,2268,0.11820503465888361,PAS,2643,0.13774951790274664,MORENA,6729,0.35070620732787827,1818,0.09475165476624799,PRI,4911,0.25595455256163024,2268,0.11820503465888361,PAS,2643,0.13774951790274664,476,0.024808464064210143,4911,0.25595455256163024,166,0.00865169124928337,1617,0.0842758117475374,438,0.022827956428832022,284,0.01480168864335227,2643,0.13774951790274664,6729,0.35070620732787827,1040,0.05420336686298014,123,0.006410590503987074,82,0.00427372700265805,1,5.2118621983634754e-05,677,0.03528430708292073,19187,1.0,SRC_MUNICIPAL_PRORRATEADA,DISTRITO LOCAL -> MUNICIPIO,COMPLETO,ESTIMADA_POR_SECCIONES_LN2021
20,25,SINALOA,ESCUINAPA,,24,,41786,23971,0.5736610347963432,0.4263389652036568,MORENA,8845,0.3689875265946352,4346,0.1813024070752159,PAN,4499,0.1876851195194193,822,0.034291435484543824,PRI,3677,0.15339368403487547,MORENA,8845,0.3689875265946352,4346,0.1813024070752159,PAN,4499,0.1876851195194193,822,0.034291435484543824,PRI,3677,0.15339368403487547,4499,0.1876851195194193,3677,0.15339368403487547,242,0.010095532101289058,879,0.03666930874807058,85,0.0035459513578907846,1503,0.06270076342246882,2943,0.12277335113261859,8845,0.3689875265946352,165,0.006883317341787994,225,0.0093863418297109,269,0.011221893120854365,2,8.343414959743023e-05,637,0.026573776646781528,23971,1.0,SRC_MUNICIPAL_PRORRATEADA,DISTRITO LOCAL -> MUNICIPIO,COMPLETO,ESTIMADA_POR_SECCIONES_LN2021
21,25,SINALOA,GUASAVE,,4,,28159,14008,0.49746084733122625,0.5025391526687737,MORENA,6455,0.46080810965162766,2601,0.18567961165048544,PRI,3854,0.2751284980011422,2475,0.17668475157053112,PAN,1379,0.09844374643061107,MORENA,6455,0.46080810965162766,2601,0.18567961165048544,PRI,3854,0.2751284980011422,2475,0.17668475157053112,PAN,1379,0.09844374643061107,1379,0.09844374643061107,3854,0.2751284980011422,182,0.012992575671045116,246,0.01756139348943461,56,0.003997715591090805,238,0.01699029126213592,838,0.059822958309537405,6455,0.46080810965162766,44,0.0031410622501427754,102,0.007281553398058253,157,0.011207881210736723,6,0.00042832667047401483,451,0.03219588806396345,14008,1.0,SRC_MUNICIPAL_PRORRATEADA,DISTRITO LOCAL -> MUNICIPIO,COMPLETO,ESTIMADA_POR_SECCIONES_LN2021
22,25,SINALOA,GUASAVE,,6,,16199,8058,0.4974381134637941,0.5025618865362059,MORENA,3295,0.4089103996028791,516,0.06403574087862993,PRI,2779,0.3448746587242492,1948,0.24174733184413005,PAS,831,0.10312732688011914,MORENA,3295,0.4089103996028791,516,0.06403574087862993,PRI,2779,0.3448746587242492,1948,0.24174733184413005,PAS,831,0.10312732688011914,320,0.03971208736659221,2779,0.3448746587242492,99,0.012285927029039464,140,0.01737403822288409,31,0.00384710846363862,109,0.01352692975924547,831,0.10312732688011914,3295,0.4089103996028791,83,0.010300322660709854,90,0.011169024571854059,33,0.004095309009679821,2,0.0002482005460412013,246,0.03052866716306776,8058,1.0,SRC_MUNICIPAL_PRORRATEADA,DISTRITO LOCAL -> MUNICIPIO,COMPLETO,ESTIMADA_POR_SECCIONES_LN2021
23,25,SINALOA,GUASAVE,,7,,89419,44482,0.49745579798476836,0.5025442020152316,MORENA,22557,0.5071039971224316,10348,0.23263342475608112,PRI,12209,0.2744705723663504,8287,0.18630007643541208,PAN,3922,0.08817049593093836,MORENA,22557,0.5071039971224316,10348,0.23263342475608112,PRI,12209,0.2744705723663504,8287,0.18630007643541208,PAN,3922,0.08817049593093836,3922,0.08817049593093836,12209,0.2744705723663504,629,0.014140551234207094,99,0.0022256193516478574,99,0.0022256193516478574,531,0.011937412886111236,2753,0.06189020277865204,22557,0.5071039971224316,386,0.008677667371071444,258,0.005800098916415629,194,0.004361314689087721,18,0.0004046580639359741,827,0.01859178993750281,44482,1.0,SRC_MUNICIPAL_PRORRATEADA,DISTRITO LOCAL -> MUNICIPIO,COMPLETO,EXACTA
24,25,SINALOA,GUASAVE,,8,,81352,40469,0.49745550201593075,0.5025444979840692,MORENA,21555,0.532629914255356,11555,0.28552719365440216,PRI,10000,0.2471027206009538,6468,0.15982603968469694,PAN,3532,0.08727668091625689,MORENA,21555,0.532629914255356,11555,0.28552719365440216,PRI,10000,0.2471027206009538,6468,0.15982603968469694,PAN,3532,0.08727668091625689,3532,0.08727668091625689,10000,0.2471027206009538,593,0.014653191331636561,129,0.0031876250957523044,91,0.0022486347574686796,466,0.011514986780004448,2568,0.06345597865032494,21555,0.532629914255356,288,0.00711655835330747,327,0.00808025896365119,136,0.0033605970001729718,9,0.00022239244854085845,775,0.01915046084657392,40469,1.0,SRC_MUNICIPAL_PRORRATEADA,DISTRITO LOCAL -> MUNICIPIO,COMPLETO,EXACTA
25,25,SINALOA,MAZATLAN,,20,,93992,43227,0.45990084262490427,0.5400991573750957,MORENA,24769,0.572998357508039,16427,0.3800171189302982,PRI,8342,0.19298123857774077,5124,0.11853702547019224,PAS,3218,0.07444421310754852,MORENA,24769,0.572998357508039,16427,0.3800171189302982,PRI,8342,0.19298123857774077,5124,0.11853702547019224,PAS,3218,0.07444421310754852,2435,0.05633053415689268,8342,0.19298123857774077,352,0.008143058736437874,327,0.007564716496634048,249,0.0057602887084461105,1132,0.026187336618317257,3218,0.07444421310754852,24769,0.572998357508039,411,0.009507946422374904,261,0.006037892983551947,812,0.018784555948828278,11,0.00025447058551368357,908,0.021005390149674973,43227,1.0,SRC_MUNICIPAL_PRORRATEADA,DISTRITO LOCAL -> MUNICIPIO,COMPLETO,EXACTA
26,25,SINALOA,MAZATLAN,,21,,105304,48429,0.459897059940743,0.540102940059257,MORENA,23304,0.4811992814222883,11366,0.23469408825290633,PRI,11938,0.246505193169382,6522,0.1346713745896054,PAN,5416,0.11183381857977658,MORENA,23304,0.4811992814222883,11366,0.23469408825290633,PRI,11938,0.246505193169382,6522,0.1346713745896054,PAN,5416,0.11183381857977658,5416,0.11183381857977658,11938,0.246505193169382,436,0.009002870181089842,289,0.005967498812694873,295,0.006091391521608953,1246,0.0257283858844907,3213,0.06634454562349006,23304,0.4811992814222883,368,0.007598752813396932,268,0.005533874331495592,876,0.01808833550145574,32,0.0006607611142084288,748,0.015445291044622025,48429,1.0,SRC_MUNICIPAL_PRORRATEADA,DISTRITO LOCAL -> MUNICIPIO,COMPLETO,EXACTA
27,25,SINALOA,MAZATLAN,,22,,105190,48377,0.45990113128624394,0.540098868713756,MORENA,25427,0.5256010087438245,14048,0.2903859271968084,PRI,11379,0.23521508154701615,7570,0.15647931868449882,PAN,3809,0.07873576286251731,MORENA,25427,0.5256010087438245,14048,0.2903859271968084,PRI,11379,0.23521508154701615,7570,0.15647931868449882,PAN,3809,0.07873576286251731,3809,0.07873576286251731,11379,0.23521508154701615,426,0.008805837484755153,259,0.0053537838228910435,318,0.0065733716435496204,1357,0.02805051987514728,2985,0.06170287533331955,25427,0.5256010087438245,320,0.006614713603571945,252,0.005209086962812907,731,0.015110486388159663,24,0.000496103520267896,1090,0.02253136821216694,48377,1.0,SRC_MUNICIPAL_PRORRATEADA,DISTRITO LOCAL -> MUNICIPIO,COMPLETO,EXACTA
28,25,SINALOA,MAZATLAN,,23,,69126,31791,0.4598993142956341,0.540100685704366,MORENA,15667,0.49281243119121765,9228,0.29027083136736814,PRI,6439,0.2025415998238495,2512,0.07901607373155925,PAS,3927,0.12352552609229027,MORENA,15667,0.49281243119121765,9228,0.29027083136736814,PRI,6439,0.2025415998238495,2512,0.07901607373155925,PAS,3927,0.12352552609229027,1994,0.0627221540687616,6439,0.2025415998238495,774,0.024346513164103047,215,0.006762920323361957,191,0.006007989682614577,744,0.02340284986316882,3927,0.12352552609229027,15667,0.49281243119121765,329,0.01034884086691202,220,0.006920197540184329,387,0.012173256582051524,9,0.000283098990280268,895,0.02815262181120443,31791,1.0,SRC_MUNICIPAL_PRORRATEADA,DISTRITO LOCAL -> MUNICIPIO,COMPLETO,ESTIMADA_POR_SECCIONES_LN2021
29,25,SINALOA,MOCORITO,,10,,35621,21088,0.5920103309845316,0.4079896690154684,MORENA,9165,0.4346073596358118,3417,0.16203528072837634,PRI,5748,0.2725720789074355,3332,0.15800455235204855,PAS,2416,0.11456752655538695,MORENA,9165,0.4346073596358118,3417,0.16203528072837634,PRI,5748,0.2725720789074355,3332,0.15800455235204855,PAS,2416,0.11456752655538695,594,0.028167678300455235,5748,0.2725720789074355,883,0.04187215477996965,296,0.014036418816388467,86,0.004078148710166919,756,0.035849772382397574,2416,0.11456752655538695,9165,0.4346073596358118,222,0.010527314112291351,163,0.007729514415781487,139,0.006591426403641881,4,0.00018968133535660092,616,0.02921092564491654,21088,1.0,SRC_MUNICIPAL_PRORRATEADA,DISTRITO LOCAL -> MUNICIPIO,COMPLETO,ESTIMADA_POR_SECCIONES_LN2021
30,25,SINALOA,NAVOLATO,,10,,29050,14156,0.4872977624784854,0.5127022375215147,MORENA,6153,0.4346566826787228,2294,0.16205142695676744,PRI,3859,0.2726052557219554,2237,0.15802486578129415,PAS,1622,0.1145803899406612,MORENA,6153,0.4346566826787228,2294,0.16205142695676744,PRI,3859,0.2726052557219554,2237,0.15802486578129415,PAS,1622,0.1145803899406612,399,0.028185928228313083,3859,0.2726052557219554,592,0.041819723085617405,198,0.013987001977959875,57,0.004026561175473298,507,0.03581520203447301,1622,0.1145803899406612,6153,0.4346566826787228,149,0.010525572195535461,110,0.007770556654422153,94,0.006640293868324386,2,0.00014128284826222097,414,0.02924554959027974,14156,1.0,SRC_MUNICIPAL_PRORRATEADA,DISTRITO LOCAL -> MUNICIPIO,COMPLETO,ESTIMADA_POR_SECCIONES_LN2021
31,25,SINALOA,NAVOLATO,,11,,78749,38374,0.48729507676287953,0.5127049232371205,MORENA,18846,0.49111377495179026,9888,0.25767446708709024,PRI,8958,0.23343930786470005,6427,0.1674831917444103,PAS,2531,0.06595611612028977,MORENA,18846,0.49111377495179026,9888,0.25767446708709024,PRI,8958,0.23343930786470005,6427,0.1674831917444103,PAS,2531,0.06595611612028977,1987,0.051779850940741126,8958,0.23343930786470005,259,0.0067493615468807,1904,0.049616928128420286,305,0.0079480898525043,1746,0.04549955699171314,2531,0.06595611612028977,18846,0.49111377495179026,370,0.00964194506697243,372,0.009694063688956063,241,0.006280293949027987,4,0.00010423724396726951,851,0.022176473654036587,38374,1.0,SRC_MUNICIPAL_PRORRATEADA,DISTRITO LOCAL -> MUNICIPIO,COMPLETO,EXACTA
32,25,SINALOA,ROSARIO,,24,,37996,21618,0.5689546268028214,0.4310453731971786,MORENA,7978,0.3690443149227496,3920,0.18133037283745027,PAN,4058,0.1877139420852993,741,0.03427699139605884,PRI,3317,0.15343695068924046,MORENA,7978,0.3690443149227496,3920,0.18133037283745027,PAN,4058,0.1877139420852993,741,0.03427699139605884,PRI,3317,0.15343695068924046,4058,0.1877139420852993,3317,0.15343695068924046,219,0.01013044684984735,792,0.03663613655287261,76,0.00351558886113424,1355,0.06267924877416968,2655,0.1228143213988343,7978,0.3690443149227496,149,0.006892404477750023,202,0.009344065130909428,242,0.011194375057822186,1,4.625774817281895e-05,574,0.026551947451198075,21618,1.0,SRC_MUNICIPAL_PRORRATEADA,DISTRITO LOCAL -> MUNICIPIO,COMPLETO,ESTIMADA_POR_SECCIONES_LN2021
33,25,SINALOA,SALVADOR ALVARADO,,9,,63901,39361,0.6159684511979469,0.38403154880205315,MORENA,20685,0.5255201849546506,11357,0.28853433601788575,PRI,9328,0.23698584893676483,4406,0.11193821295190672,PAS,4922,0.1250476359848581,MORENA,20685,0.5255201849546506,11357,0.28853433601788575,PRI,9328,0.23698584893676483,4406,0.11193821295190672,PAS,4922,0.1250476359848581,1687,0.04285968344300196,9328,0.23698584893676483,546,0.01387159879068113,134,0.003404385051192805,184,0.004674677980742359,387,0.009832067274713549,4922,0.1250476359848581,20685,0.5255201849546506,136,0.003455196768374787,398,0.01011153171921445,270,0.006859581819567593,4,0.00010162343436396432,680,0.017275983841873937,39361,1.0,SRC_MUNICIPAL_PRORRATEADA,DISTRITO LOCAL -> MUNICIPIO,COMPLETO,ESTIMADA_POR_SECCIONES_LN2021
34,25,SINALOA,SAN IGNACIO,,19,,15898,9311,0.585671153604227,0.41432884639577305,MORENA,3265,0.3506605090752873,882,0.09472666738266566,PRI,2383,0.2559338416926216,1100,0.11813983460423155,PAS,1283,0.13779400708839007,MORENA,3265,0.3506605090752873,882,0.09472666738266566,PRI,2383,0.2559338416926216,1100,0.11813983460423155,PAS,1283,0.13779400708839007,231,0.024809365266888626,2383,0.2559338416926216,80,0.00859198797121684,785,0.08430888196756525,213,0.022876167973364836,138,0.014821179250349049,1283,0.13779400708839007,3265,0.3506605090752873,505,0.054236924068306304,59,0.00633659112877242,40,0.00429599398560842,0,0.0,329,0.035334550531629254,9311,1.0,SRC_MUNICIPAL_PRORRATEADA,DISTRITO LOCAL -> MUNICIPIO,COMPLETO,ESTIMADA_POR_SECCIONES_LN2021
35,25,SINALOA,SINALOA,,6,,63997,31214,0.48774161288810414,0.5122583871118959,MORENA,12761,0.4088229640545909,1998,0.06400973921958096,PRI,10763,0.3448132248350099,7545,0.2417184596655347,PAS,3218,0.10309476516947523,MORENA,12761,0.4088229640545909,1998,0.06400973921958096,PRI,10763,0.3448132248350099,7545,0.2417184596655347,PAS,3218,0.10309476516947523,1241,0.03975780098673672,10763,0.3448132248350099,383,0.0122701351957455,544,0.01742807714487089,122,0.003908502594989428,424,0.013583648362914078,3218,0.10309476516947523,12761,0.4088229640545909,321,0.010283846991734479,347,0.011116806561158455,128,0.004100724034087269,9,0.00028833215864676107,953,0.030531171910040365,31214,1.0,SRC_MUNICIPAL_PRORRATEADA,DISTRITO LOCAL -> MUNICIPIO,COMPLETO,ESTIMADA_POR_SECCIONES_LN2021
