#,CVE_ENTIDAD,ENTIDAD,MUNICIPIO,DF,DL,SECCION,LISTA_NOMINAL,VOTOS_EMITIDOS,PARTICIPACION,ABSTENCION,1ER_LUGAR,1ERO_VOTOS,PCN,DIF_VOTOS_2DO,DIF_PCN_2DO,2DO_LUGAR,2DO_VOTOS,PCN,DIF_VOTOS_3RO,DIF_PCN_3RO,3ER_LUGAR,3RO_VOTOS,PCN,1PP_MV,VOTOS,PCN,DIF_2DO,PCN,2PP_MV,VOTOS,PCN,DIF_3RO,PCN,3PP_MV,VOTOS,PCN,PAN,PCN,PRI,PCN,PRD,PCN,PT,PCN,PVEM,PCN,MC,PCN,PAC,PCN,PS,PCN,MORENA,PCN,PANALT,PCN,PEST,PCN,PISSI,PCN,PES,PCN,RSP,PCN,FxM,PCN,PAN_PRI_PRD_PAC_PS,PCN,PAN_PRI_PRD_PAC,PCN,PAN_PRI_PRD_PS,PCN,PAN_PRI_PAC_PS,PCN,PAN_PRD_PAC_PS,PCN,PRI_PRD_PAC_PS,PCN,PAN_PRI_PRD,PCN,PAN_PRI_PAC,PCN,PAN_PRI_PS,PCN,PAN_PRD_PAC,PCN,PAN_PAC_PS,PCN,PAN_PRD_PS,PCN,PRI_PRD_PAC,PCN,PRI_PRD_PS,PCN,PRI_PAC_PS,PCN,PRD_PAC_PS,PCN,PAN_PRI,PCN,PAN_PRD,PCN,PAN_PAC,PCN,PAN_PS,PCN,PRI_PRD,PCN,PRI_PAC,PCN,PRI_PS,PCN,PRD_PAC,PCN,PRD_PS,PCN,PAC_PS,PCN,PT_PVEM_MORENA_PANALT_PEST,PCN,PT_PVEM_MORENA_PANALT,PCN,PT_PVEM_MORENA_PEST,PCN,PT_PVEM_PANALT_PEST,PCN,PT_MORENA_PANALT_PEST,PCN,PVEM_MORENA_PANALT_PEST,PCN,PT_PVEM_MORENA,PCN,PT_PVEM_PANALT,PCN,PT_PVEM_PEST,PCN,PT_MORENA_PANALT,PCN,PT_PANALT_PEST,PCN,PT_MORENA_PEST,PCN,PVEM_MORENA_PANALT,PCN,PVEM_MORENA_PEST,PCN,PVEM_PANALT_PEST,PCN,MORENA_PANALT_PEST,PCN,PT_PVEM,PCN,PT_MORENA,PCN,PT_PANALT,PCN,PT_PEST,PCN,PVEM_MORENA,PCN,PVEM_PANALT,PCN,PVEM_PEST,PCN,MORENA_PANALT,PCN,MORENA_PEST,PCN,PANALT_PEST,PCN,CNR,PCN,NULOS,PCN,TOT_VOTOS,VALIDACION,LN_FUENTE,NIVEL,DESGLOSE_PARTIDOS
1,29,TLAXCALA,ACUAMANALA DE MIGUEL HIDALGO,,,,4871,3965,0.814001231779922,0.185998768220078,MORENA,1707,0.4305170239596469,1124,0.28348045397225724,PRI,583,0.14703656998738965,254,0.06406052963430013,RSP,329,0.08297604035308953,MORENA,1707,0.4305170239596469,1124,0.28348045397225724,PRI,583,0.14703656998738965,254,0.06406052963430013,RSP,329,0.08297604035308953,249,0.06279949558638083,583,0.14703656998738965,156,0.03934426229508197,148,0.0373266078184111,39,0.009836065573770493,115,0.029003783102143757,47,0.011853720050441363,234,0.05901639344262295,1707,0.4305170239596469,179,0.04514501891551072,16,0.00403530895334174,7,0.0017654476670870113,19,0.0047919293820933165,329,0.08297604035308953,34,0.008575031525851198,6,0.0015132408575031526,2,0.0005044136191677175,2,0.0005044136191677175,0,0.0,0,0.0,0,0.0,0,0.0,0,0.0,0,0.0,0,0.0,0,0.0,0,0.0,0,0.0,0,0.0,0,0.0,0,0.0,0,0.0,0,0.0,8,0.00201765447667087,0,0.0,0,0.0,0,0.0,0,0.0,0,0.0,0,0.0,1,0.00025220680958385876,4,0.001008827238335435,2,0.0005044136191677175,1,0.00025220680958385876,0,0.0,0,0.0,0,0.0,0,0.0,0,0.0,0,0.0,0,0.0,0,0.0,0,0.0,0,0.0,0,0.0,0,0.0,0,0.0,0,0.0,0,0.0,0,0.0,0,0.0,0,0.0,0,0.0,0,0.0,0,0.0,0,0.0,0,0.0,0,0.0,77,0.019419924337957126,3965,1.0,ORIGEN,MUNICIPIO,COMPLETO
2,29,TLAXCALA,AMAXAC DE GUERRERO,,,,8444,5345,0.6329938417811464,0.36700615821885363,MORENA,2127,0.3979420018709074,908,0.16987839101964453,PRI,1219,0.22806361085126287,816,0.15266604303086997,RSP,403,0.07539756782039289,MORENA,2127,0.3979420018709074,908,0.16987839101964453,PRI,1219,0.22806361085126287,816,0.15266604303086997,RSP,403,0.07539756782039289,363,0.06791393826005612,1219,0.22806361085126287,133,0.024883068288119738,211,0.039476145930776425,37,0.0069223573433115065,135,0.025257249766136577,136,0.025444340505144995,79,0.014780168381665107,2127,0.3979420018709074,42,0.0078578110383536,59,0.011038353601496726,12,0.002245088868101029,68,0.012722170252572497,403,0.07539756782039289,137,0.025631431244153416,40,0.007483629560336763,2,0.00037418147801683815,2,0.00037418147801683815,0,0.0,0,0.0,0,0.0,7,0.0013096351730589337,1,0.00018709073900841907,0,0.0,0,0.0,0,0.0,0,0.0,0,0.0,0,0.0,0,0.0,0,0.0,3,0.0005612722170252573,1,0.00018709073900841907,11,0.00205799812909261,1,0.00018709073900841907,0,0.0,0,0.0,1,0.00018709073900841907,0,0.0,0,0.0,0,0.0,20,0.0037418147801683817,0,0.0,1,0.00018709073900841907,1,0.00018709073900841907,1,0.00018709073900841907,0,0.0,0,0.0,0,0.0,0,0.0,1,0.00018709073900841907,0,0.0,0,0.0,0,0.0,0,0.0,0,0.0,2,0.00037418147801683815,0,0.0,2,0.00037418147801683815,0,0.0,1,0.00018709073900841907,0,0.0,0,0.0,1,0.00018709073900841907,0,0.0,0,0.0,0,0.0,8,0.0014967259120673526,77,0.01440598690364827,5345,1.0,ORIGEN,MUNICIPIO,COMPLETO
3,29,TLAXCALA,APETATITLAN DE ANTONIO CARVAJAL,,,,12204,8979,0.7357423795476893,0.2642576204523107,MORENA,3662,0.407840516761332,2094,0.23321082525893752,PAN,1568,0.17462969150239446,208,0.0231651631584809,PRI,1360,0.15146452834391358,MORENA,3662,0.407840516761332,2094,0.23321082525893752,PAN,1568,0.17462969150239446,208,0.0231651631584809,PRI,1360,0.15146452834391358,1568,0.17462969150239446,1360,0.15146452834391358,55,0.006125403719790623,253,0.028176857111036863,74,0.008241452277536475,327,0.036418309388573336,118,0.013141775253368971,177,0.01971266288005346,3662,0.407840516761332,103,0.011471210602516983,27,0.003007016371533578,55,0.006125403719790623,66,0.007350484463748747,435,0.048446374874707654,452,0.05033968147900657,56,0.006236774696514088,2,0.00022274195344693172,0,0.0,0,0.0,0,0.0,0,0.0,10,0.0011137097672346587,1,0.00011137097672346586,3,0.0003341129301703976,0,0.0,0,0.0,0,0.0,0,0.0,0,0.0,0,0.0,0,0.0,4,0.00044548390689386344,0,0.0,11,0.0012250807439581244,0,0.0,0,0.0,0,0.0,1,0.00011137097672346586,0,0.0,0,0.0,3,0.0003341129301703976,31,0.003452500278427442,0,0.0,0,0.0,0,0.0,1,0.00011137097672346586,2,0.00022274195344693172,0,0.0,0,0.0,0,0.0,1,0.00011137097672346586,0,0.0,0,0.0,0,0.0,0,0.0,0,0.0,1,0.00011137097672346586,1,0.00011137097672346586,2,0.00022274195344693172,0,0.0,0,0.0,2,0.00022274195344693172,0,0.0,0,0.0,2,0.00022274195344693172,0,0.0,0,0.0,2,0.00022274195344693172,111,0.012362178416304711,8979,1.0,ORIGEN,MUNICIPIO,COMPLETO
4,29,TLAXCALA,APIZACO,,,,66421,39886,0.6005028530133543,0.39949714698664573,MORENA,13180,0.33044175901318756,5110,0.12811512811512812,PAN,8070,0.20232663089805947,2639,0.06616356616356617,PRI,5431,0.1361630647344933,MORENA,13180,0.33044175901318756,5110,0.12811512811512812,PAN,8070,0.20232663089805947,2639,0.06616356616356617,PRI,5431,0.1361630647344933,8070,0.20232663089805947,5431,0.1361630647344933,1334,0.03344531915960487,1316,0.032994032994032994,477,0.011959083387654817,704,0.01765030336458908,695,0.017424660281803138,370,0.00927643784786642,13180,0.33044175901318756,311,0.007797222082936369,513,0.012861655718798576,227,0.005691219976934263,484,0.012134583563154992,3982,0.09983452840595698,844,0.02116030687459259,439,0.011006368149225293,15,0.00037607180464323324,3,7.521436092864665e-05,3,7.521436092864665e-05,1,2.5071453642882215e-05,1,2.5071453642882215e-05,46,0.0011532868675725818,3,7.521436092864665e-05,2,5.014290728576443e-05,2,5.014290728576443e-05,1,2.5071453642882215e-05,0,0.0,0,0.0,0,0.0,0,0.0,1,2.5071453642882215e-05,37,0.0009276437847866419,12,0.0003008574437145866,199,0.004989219274933561,2,5.014290728576443e-05,1,2.5071453642882215e-05,4,0.00010028581457152886,0,0.0,0,0.0,2,5.014290728576443e-05,0,0.0,145,0.003635360778217921,4,0.00010028581457152886,3,7.521436092864665e-05,0,0.0,0,0.0,0,0.0,5,0.00012535726821441106,3,7.521436092864665e-05,2,5.014290728576443e-05,1,2.5071453642882215e-05,1,2.5071453642882215e-05,3,7.521436092864665e-05,1,2.5071453642882215e-05,2,5.014290728576443e-05,1,2.5071453642882215e-05,11,0.0002757859900717044,3,7.521436092864665e-05,14,0.000351000351000351,4,0.00010028581457152886,2,5.014290728576443e-05,8,0.00020057162914305772,3,7.521436092864665e-05,5,0.00012535726821441106,15,0.00037607180464323324,13,0.0003259288973574688,0,0.0,14,0.000351000351000351,911,0.022840094268665696,39886,1.0,ORIGEN,MUNICIPIO,COMPLETO
5,29,TLAXCALA,ATLANGATEPEC,,,,5104,3890,0.7621473354231975,0.23785266457680254,MORENA,1213,0.31182519280205656,274,0.07043701799485862,PRI,939,0.24138817480719793,492,0.12647814910025706,PAN,447,0.11491002570694088,MORENA,1213,0.31182519280205656,274,0.07043701799485862,PRI,939,0.24138817480719793,492,0.12647814910025706,PAN,447,0.11491002570694088,447,0.11491002570694088,939,0.24138817480719793,118,0.030334190231362468,92,0.02365038560411311,112,0.02879177377892031,27,0.006940874035989717,112,0.02879177377892031,98,0.02519280205655527,1213,0.31182519280205656,179,0.04601542416452442,75,0.019280205655526992,33,0.008483290488431876,10,0.002570694087403599,216,0.055526992287917736,56,0.014395886889460155,12,0.003084832904884319,2,0.0005141388174807198,1,0.0002570694087403599,0,0.0,0,0.0,0,0.0,2,0.0005141388174807198,0,0.0,0,0.0,0,0.0,0,0.0,0,0.0,1,0.0002570694087403599,0,0.0,0,0.0,0,0.0,1,0.0002570694087403599,0,0.0,0,0.0,1,0.0002570694087403599,1,0.0002570694087403599,1,0.0002570694087403599,1,0.0002570694087403599,0,0.0,0,0.0,1,0.0002570694087403599,8,0.002056555269922879,1,0.0002570694087403599,0,0.0,0,0.0,1,0.0002570694087403599,0,0.0,1,0.0002570694087403599,0,0.0,0,0.0,0,0.0,0,0.0,0,0.0,1,0.0002570694087403599,0,0.0,0,0.0,1,0.0002570694087403599,2,0.0005141388174807198,0,0.0,2,0.0005141388174807198,2,0.0005141388174807198,2,0.0005141388174807198,3,0.0007712082262210797,2,0.0005141388174807198,0,0.0,5,0.0012853470437017994,0,0.0,0,0.0,108,0.027763496143958868,3890,1.0,ORIGEN,MUNICIPIO,COMPLETO
6,29,TLAXCALA,ATLTZAYANCA,,,,12894,10219,0.7925391655033349,0.20746083449666508,MORENA,3043,0.2977786476171837,504,0.04931989431451218,PRI,2539,0.2484587533026715,1131,0.11067619140816126,PAN,1408,0.1377825618945102,MORENA,3043,0.2977786476171837,504,0.04931989431451218,PRI,2539,0.2484587533026715,1131,0.11067619140816126,PAN,1408,0.1377825618945102,1408,0.1377825618945102,2539,0.2484587533026715,436,0.04266562285937959,493,0.04824346804971132,899,0.08797338291417947,76,0.007437126920442313,159,0.01555925237303063,68,0.006654271455132596,3043,0.2977786476171837,65,0.006360700655641452,30,0.0029357079949114393,76,0.007437126920442313,24,0.0023485663959291517,295,0.028867795283295822,73,0.00714355612095117,35,0.0034249926607300128,14,0.001369997064292005,10,0.0009785693316371464,7,0.0006849985321460025,5,0.0004892846658185732,4,0.0003914277326548586,8,0.0007828554653097172,0,0.0,0,0.0,0,0.0,0,0.0,0,0.0,0,0.0,0,0.0,0,0.0,0,0.0,5,0.0004892846658185732,0,0.0,6,0.0005871415989822879,0,0.0,1,9.785693316371466e-05,0,0.0,0,0.0,0,0.0,0,0.0,1,9.785693316371466e-05,41,0.004012134259712301,9,0.0008807123984734318,12,0.0011742831979645759,5,0.0004892846658185732,4,0.0003914277326548586,0,0.0,1,9.785693316371466e-05,0,0.0,0,0.0,1,9.785693316371466e-05,0,0.0,0,0.0,0,0.0,0,0.0,3,0.00029357079949114397,1,9.785693316371466e-05,0,0.0,1,9.785693316371466e-05,1,9.785693316371466e-05,0,0.0,3,0.00029357079949114397,1,9.785693316371466e-05,1,9.785693316371466e-05,4,0.0003914277326548586,1,9.785693316371466e-05,0,0.0,0,0.0,350,0.03424992660730013,10219,1.0,ORIGEN,MUNICIPIO,COMPLETO
7,29,TLAXCALA,BENITO JUAREZ,,,,4575,2298,0.5022950819672131,0.49770491803278694,PRD,907,0.3946910356832028,292,0.12706701479547433,MORENA,615,0.26762402088772846,238,0.10356832027850305,PRI,377,0.16405570060922542,PRD,907,0.3946910356832028,292,0.12706701479547433,MORENA,615,0.26762402088772846,238,0.10356832027850305,PRI,377,0.16405570060922542,46,0.020017406440382943,377,0.16405570060922542,907,0.3946910356832028,63,0.02741514360313316,30,0.013054830287206266,10,0.004351610095735422,21,0.009138381201044387,10,0.004351610095735422,615,0.26762402088772846,11,0.004786771105308964,34,0.014795474325500435,11,0.004786771105308964,12,0.005221932114882507,53,0.023063533507397736,10,0.004351610095735422,16,0.006962576153176675,1,0.0004351610095735422,0,0.0,0,0.0,0,0.0,0,0.0,1,0.0004351610095735422,0,0.0,0,0.0,0,0.0,0,0.0,0,0.0,0,0.0,0,0.0,0,0.0,0,0.0,1,0.0004351610095735422,0,0.0,0,0.0,0,0.0,3,0.0013054830287206266,0,0.0,0,0.0,0,0.0,0,0.0,0,0.0,9,0.0039164490861618795,0,0.0,0,0.0,0,0.0,0,0.0,0,0.0,0,0.0,0,0.0,0,0.0,0,0.0,0,0.0,0,0.0,0,0.0,0,0.0,0,0.0,0,0.0,0,0.0,0,0.0,0,0.0,1,0.0004351610095735422,0,0.0,0,0.0,0,0.0,0,0.0,1,0.0004351610095735422,1,0.0004351610095735422,0,0.0,54,0.02349869451697128,2298,1.0,ORIGEN,MUNICIPIO,COMPLETO
8,29,TLAXCALA,CALPULALPAN,,,,35982,18210,0.5060863765215942,0.49391362347840584,MORENA,6376,0.3501372872048325,3453,0.18962108731466226,PRI,2923,0.16051619989017024,773,0.042449203734211974,PAN,2150,0.11806699615595827,MORENA,6376,0.3501372872048325,3453,0.18962108731466226,PRI,2923,0.16051619989017024,773,0.042449203734211974,PAN,2150,0.11806699615595827,2150,0.11806699615595827,2923,0.16051619989017024,979,0.05376166941241076,462,0.025370675453047775,400,0.021965952773201538,257,0.014113124656781988,1136,0.062383305875892366,498,0.027347611202635916,6376,0.3501372872048325,165,0.009060955518945634,127,0.006974190005491488,163,0.008951125755079626,202,0.011092806150466776,971,0.053322350356946734,611,0.03355299286106535,150,0.008237232289950576,3,0.00016474464579901152,1,5.4914881933003843e-05,2,0.00010982976386600769,1,5.4914881933003843e-05,0,0.0,7,0.0003844041735310269,2,0.00010982976386600769,0,0.0,0,0.0,0,0.0,0,0.0,0,0.0,0,0.0,0,0.0,0,0.0,10,0.0005491488193300384,2,0.00010982976386600769,12,0.0006589785831960461,2,0.00010982976386600769,1,5.4914881933003843e-05,1,5.4914881933003843e-05,3,0.00016474464579901152,0,0.0,0,0.0,0,0.0,80,0.004393190554640308,0,0.0,0,0.0,0,0.0,2,0.00010982976386600769,0,0.0,2,0.00010982976386600769,0,0.0,0,0.0,2,0.00010982976386600769,0,0.0,0,0.0,0,0.0,2,0.00010982976386600769,0,0.0,0,0.0,0,0.0,6,0.00032948929159802305,0,0.0,0,0.0,1,5.4914881933003843e-05,0,0.0,0,0.0,4,0.00021965952773201537,3,0.00016474464579901152,0,0.0,4,0.00021965952773201537,487,0.026743547501372873,18210,1.0,ORIGEN,MUNICIPIO,COMPLETO
9,29,TLAXCALA,CHIAUTEMPAN,,,,54977,31674,0.5761318369499973,0.42386816305000274,MORENA,14022,0.4426974805834438,8571,0.2706004925175223,PRI,5451,0.17209698806592158,2884,0.09105259834564627,PAN,2567,0.0810443897202753,MORENA,14022,0.4426974805834438,8571,0.2706004925175223,PRI,5451,0.17209698806592158,2884,0.09105259834564627,PAN,2567,0.0810443897202753,2567,0.0810443897202753,5451,0.17209698806592158,1043,0.032929216391993435,1347,0.042526993748816064,1098,0.03466565637431332,774,0.024436446296647093,634,0.020016417250741932,215,0.006787901749068637,14022,0.4426974805834438,256,0.008082338826798005,287,0.009061059544105576,140,0.004420029045905159,185,0.005840752667803245,1361,0.04296899665340658,874,0.02759360990086506,241,0.007608764286165309,7,0.00022100145229525794,4,0.00012628654416871882,3,9.471490812653911e-05,1,3.1571636042179706e-05,7,0.00022100145229525794,22,0.0006945759929279535,2,6.314327208435941e-05,4,0.00012628654416871882,3,9.471490812653911e-05,0,0.0,0,0.0,0,0.0,0,0.0,0,0.0,0,0.0,16,0.0005051461766748753,5,0.00015785818021089854,20,0.0006314327208435941,1,3.1571636042179706e-05,10,0.0003157163604217971,4,0.00012628654416871882,1,3.1571636042179706e-05,0,0.0,1,3.1571636042179706e-05,10,0.0003157163604217971,171,0.0053987497632127296,6,0.00018942981625307822,3,9.471490812653911e-05,1,3.1571636042179706e-05,5,0.00015785818021089854,0,0.0,12,0.00037885963250615644,6,0.00018942981625307822,1,3.1571636042179706e-05,3,9.471490812653911e-05,1,3.1571636042179706e-05,3,9.471490812653911e-05,2,6.314327208435941e-05,2,6.314327208435941e-05,3,9.471490812653911e-05,4,0.00012628654416871882,4,0.00012628654416871882,20,0.0006314327208435941,11,0.00034728799646397676,2,6.314327208435941e-05,5,0.00015785818021089854,2,6.314327208435941e-05,4,0.00012628654416871882,7,0.00022100145229525794,9,0.00028414472437961733,1,3.1571636042179706e-05,13,0.0004104312685483362,757,0.023899728483930037,31674,1.0,ORIGEN,MUNICIPIO,COMPLETO
10,29,TLAXCALA,CONTLA DE JUAN CUAMATZI,,,,27928,19056,0.6823259810942424,0.31767401890575764,MORENA,9041,0.474443744752309,6015,0.3156486146095718,PRI,3026,0.1587951301427372,1193,0.06260495382031905,PAN,1833,0.09619017632241814,MORENA,9041,0.474443744752309,6015,0.3156486146095718,PRI,3026,0.1587951301427372,1193,0.06260495382031905,PAN,1833,0.09619017632241814,1833,0.09619017632241814,3026,0.1587951301427372,249,0.013066750629722922,591,0.031013853904282115,226,0.011859781696053737,441,0.023142317380352644,370,0.019416456759026028,143,0.0075041981528127626,9041,0.474443744752309,342,0.017947103274559194,133,0.006979429051217464,102,0.0053526448362720405,180,0.009445843828715366,1371,0.07194584382871537,269,0.014116288832913519,78,0.004093198992443325,6,0.00031486146095717883,3,0.00015743073047858942,4,0.00020990764063811922,1,5.2476910159529805e-05,1,5.2476910159529805e-05,18,0.0009445843828715365,2,0.00010495382031905961,3,0.00015743073047858942,1,5.2476910159529805e-05,0,0.0,0,0.0,0,0.0,1,5.2476910159529805e-05,0,0.0,0,0.0,22,0.0011544920235096558,4,0.00020990764063811922,27,0.0014168765743073047,0,0.0,2,0.00010495382031905961,1,5.2476910159529805e-05,3,0.00015743073047858942,0,0.0,0,0.0,3,0.00015743073047858942,73,0.003830814441645676,5,0.00026238455079764903,2,0.00010495382031905961,2,0.00010495382031905961,8,0.00041981528127623844,4,0.00020990764063811922,0,0.0,1,5.2476910159529805e-05,1,5.2476910159529805e-05,0,0.0,0,0.0,4,0.00020990764063811922,0,0.0,4,0.00020990764063811922,3,0.00015743073047858942,5,0.00026238455079764903,3,0.00015743073047858942,19,0.0009970612930310662,3,0.00015743073047858942,1,5.2476910159529805e-05,7,0.00036733837111670864,3,0.00015743073047858942,0,0.0,11,0.0005772460117548279,9,0.00047229219143576825,1,5.2476910159529805e-05,1,5.2476910159529805e-05,389,0.020413518052057093,19056,1.0,ORIGEN,MUNICIPIO,COMPLETO
11,29,TLAXCALA,CUAPIAXTLA,,,,11021,8210,0.7449414753652118,0.2550585246347882,MORENA,2422,0.29500609013398293,23,0.0028014616321559074,PRI,2399,0.29220462850182705,1549,0.18867235079171743,PT,850,0.10353227771010962,MORENA,2422,0.29500609013398293,23,0.0028014616321559074,PRI,2399,0.29220462850182705,1549,0.18867235079171743,PT,850,0.10353227771010962,566,0.06894031668696711,2399,0.29220462850182705,262,0.031912302070645555,850,0.10353227771010962,91,0.011084043848964676,60,0.007308160779537149,217,0.026431181485992692,55,0.006699147381242387,2422,0.29500609013398293,184,0.02241169305724726,25,0.0030450669914738123,12,0.00146163215590743,50,0.0060901339829476245,462,0.05627283800243606,236,0.02874543239951279,21,0.0025578562728380025,10,0.001218026796589525,5,0.0006090133982947625,2,0.000243605359317905,3,0.0003654080389768575,0,0.0,1,0.0001218026796589525,1,0.0001218026796589525,1,0.0001218026796589525,0,0.0,1,0.0001218026796589525,0,0.0,0,0.0,0,0.0,0,0.0,0,0.0,4,0.00048721071863581,0,0.0,5,0.0006090133982947625,0,0.0,0,0.0,1,0.0001218026796589525,0,0.0,0,0.0,0,0.0,4,0.00048721071863581,20,0.00243605359317905,4,0.00048721071863581,4,0.00048721071863581,2,0.000243605359317905,1,0.0001218026796589525,0,0.0,0,0.0,2,0.000243605359317905,0,0.0,0,0.0,0,0.0,0,0.0,1,0.0001218026796589525,0,0.0,0,0.0,5,0.0006090133982947625,0,0.0,6,0.000730816077953715,1,0.0001218026796589525,0,0.0,4,0.00048721071863581,0,0.0,0,0.0,2,0.000243605359317905,1,0.0001218026796589525,0,0.0,1,0.0001218026796589525,206,0.025091352009744213,8210,1.0,ORIGEN,MUNICIPIO,COMPLETO
12,29,TLAXCALA,CUAXOMULCO,,,,4599,3546,0.7710371819960861,0.22896281800391394,MORENA,1144,0.32261703327693175,426,0.12013536379018612,PAN,718,0.20248166948674562,216,0.06091370558375635,PRI,502,0.14156796390298929,MORENA,1144,0.32261703327693175,426,0.12013536379018612,PAN,718,0.20248166948674562,216,0.06091370558375635,PRI,502,0.14156796390298929,718,0.20248166948674562,502,0.14156796390298929,49,0.013818386914833615,125,0.03525098702763677,80,0.022560631697687534,85,0.023970671178793007,80,0.022560631697687534,39,0.010998307952622674,1144,0.32261703327693175,42,0.011844331641285956,27,0.007614213197969543,88,0.024816694867456288,46,0.012972363226170333,307,0.08657642413987592,73,0.020586576424139875,25,0.007050197405527355,0,0.0,0,0.0,0,0.0,0,0.0,0,0.0,1,0.0002820078962210942,0,0.0,0,0.0,0,0.0,0,0.0,0,0.0,0,0.0,0,0.0,0,0.0,0,0.0,2,0.0005640157924421884,0,0.0,6,0.001692047377326565,0,0.0,1,0.0002820078962210942,0,0.0,0,0.0,0,0.0,0,0.0,2,0.0005640157924421884,18,0.005076142131979695,0,0.0,1,0.0002820078962210942,0,0.0,1,0.0002820078962210942,0,0.0,0,0.0,0,0.0,0,0.0,1,0.0002820078962210942,1,0.0002820078962210942,0,0.0,0,0.0,1,0.0002820078962210942,0,0.0,0,0.0,0,0.0,0,0.0,0,0.0,0,0.0,0,0.0,1,0.0002820078962210942,0,0.0,0,0.0,0,0.0,0,0.0,3,0.0008460236886632825,77,0.021714608009024253,3546,1.0,ORIGEN,MUNICIPIO,COMPLETO
13,29,TLAXCALA,EL CARMEN TEQUEXQUITLA,,,,12223,8114,0.6638304835146854,0.33616951648531457,MORENA,2488,0.3066305151589845,1212,0.14937145674143457,PAC,1276,0.15725905841754992,111,0.013680059157012571,RSP,1165,0.14357899926053735,MORENA,2488,0.3066305151589845,1212,0.14937145674143457,PAC,1276,0.15725905841754992,111,0.013680059157012571,RSP,1165,0.14357899926053735,839,0.10340152822282475,852,0.10500369731328568,423,0.052132117328074934,237,0.029208774956864678,100,0.012324377618930245,63,0.007764357899926053,1276,0.15725905841754992,72,0.008873551885629776,2488,0.3066305151589845,52,0.006408676361843727,26,0.0032043381809218636,21,0.0025881192999753513,39,0.004806507271382795,1165,0.14357899926053735,38,0.004683263495193493,79,0.009736258318954893,7,0.0008627064333251171,1,0.00012324377618930243,2,0.00024648755237860487,1,0.00012324377618930243,1,0.00012324377618930243,4,0.0004929751047572097,1,0.00012324377618930243,0,0.0,1,0.00012324377618930243,0,0.0,0,0.0,2,0.00024648755237860487,0,0.0,0,0.0,0,0.0,10,0.0012324377618930244,0,0.0,4,0.0004929751047572097,0,0.0,1,0.00012324377618930243,0,0.0,0,0.0,2,0.00024648755237860487,0,0.0,3,0.0003697313285679073,17,0.0020951441952181413,3,0.0003697313285679073,1,0.00012324377618930243,0,0.0,1,0.00012324377618930243,0,0.0,0,0.0,0,0.0,0,0.0,3,0.0003697313285679073,0,0.0,1,0.00012324377618930243,1,0.00012324377618930243,0,0.0,0,0.0,1,0.00012324377618930243,0,0.0,2,0.00024648755237860487,0,0.0,2,0.00024648755237860487,1,0.00012324377618930243,0,0.0,0,0.0,0,0.0,0,0.0,0,0.0,1,0.00012324377618930243,270,0.033275819571111656,8114,1.0,ORIGEN,MUNICIPIO,COMPLETO
14,29,TLAXCALA,EMILIANO ZAPATA,,,,3324,2703,0.8131768953068592,0.18682310469314078,PRI,962,0.3559008509064003,60,0.022197558268590455,MORENA,902,0.33370329263780985,772,0.28560858305586384,PAN,130,0.048094709581945984,PRI,962,0.3559008509064003,60,0.022197558268590455,MORENA,902,0.33370329263780985,772,0.28560858305586384,PAN,130,0.048094709581945984,130,0.048094709581945984,962,0.3559008509064003,49,0.01812800591934887,83,0.03070662227155013,99,0.03662597114317425,10,0.003699593044765076,42,0.01553829078801332,33,0.01220865704772475,902,0.33370329263780985,69,0.025527192008879023,12,0.004439511653718091,6,0.0022197558268590455,9,0.003329633740288568,73,0.027007029226785054,102,0.03773584905660377,16,0.0059193488716241215,0,0.0,1,0.0003699593044765076,0,0.0,0,0.0,0,0.0,0,0.0,2,0.0007399186089530152,0,0.0,0,0.0,0,0.0,0,0.0,0,0.0,0,0.0,0,0.0,0,0.0,1,0.0003699593044765076,1,0.0003699593044765076,7,0.002589715131335553,1,0.0003699593044765076,1,0.0003699593044765076,0,0.0,0,0.0,0,0.0,0,0.0,1,0.0003699593044765076,18,0.006659267480577136,2,0.0007399186089530152,0,0.0,0,0.0,1,0.0003699593044765076,0,0.0,0,0.0,0,0.0,0,0.0,0,0.0,0,0.0,0,0.0,0,0.0,0,0.0,0,0.0,0,0.0,0,0.0,0,0.0,0,0.0,0,0.0,0,0.0,0,0.0,0,0.0,0,0.0,0,0.0,0,0.0,0,0.0,70,0.02589715131335553,2703,1.0,ORIGEN,MUNICIPIO,COMPLETO
15,29,TLAXCALA,ESPANITA,,,,7037,5210,0.7403723177490408,0.2596276822509592,MORENA,1540,0.29558541266794625,141,0.02706333973128599,PRI,1399,0.26852207293666025,251,0.048176583493282146,PAN,1148,0.22034548944337812,MORENA,1540,0.29558541266794625,141,0.02706333973128599,PRI,1399,0.26852207293666025,251,0.048176583493282146,PAN,1148,0.22034548944337812,1148,0.22034548944337812,1399,0.26852207293666025,30,0.005758157389635317,488,0.09366602687140115,57,0.010940499040307103,81,0.015547024952015355,35,0.0067178502879078695,44,0.008445297504798464,1540,0.29558541266794625,41,0.007869481765834933,18,0.00345489443378119,10,0.0019193857965451055,5,0.0009596928982725527,103,0.019769673704414587,11,0.002111324376199616,27,0.005182341650671785,4,0.0007677543186180423,1,0.00019193857965451057,0,0.0,0,0.0,0,0.0,0,0.0,0,0.0,0,0.0,0,0.0,0,0.0,0,0.0,0,0.0,0,0.0,0,0.0,0,0.0,0,0.0,0,0.0,4,0.0007677543186180423,0,0.0,0,0.0,0,0.0,0,0.0,0,0.0,0,0.0,1,0.00019193857965451057,13,0.0024952015355086373,3,0.0005758157389635317,3,0.0005758157389635317,1,0.00019193857965451057,0,0.0,0,0.0,0,0.0,0,0.0,0,0.0,0,0.0,0,0.0,0,0.0,0,0.0,0,0.0,0,0.0,0,0.0,0,0.0,0,0.0,0,0.0,0,0.0,0,0.0,0,0.0,0,0.0,0,0.0,0,0.0,0,0.0,1,0.00019193857965451057,142,0.0272552783109405,5210,1.0,ORIGEN,MUNICIPIO,COMPLETO
16,29,TLAXCALA,HUAMANTLA,,,,68269,38689,0.5667140283291099,0.4332859716708901,MORENA,12848,0.3320840548993254,5369,0.13877329473493757,PAN,7479,0.1933107601643878,1725,0.04458631652407661,PRI,5754,0.1487244436403112,MORENA,12848,0.3320840548993254,5369,0.13877329473493757,PAN,7479,0.1933107601643878,1725,0.04458631652407661,PRI,5754,0.1487244436403112,7479,0.1933107601643878,5754,0.1487244436403112,1195,0.03088733231667916,1178,0.030447930936441884,2752,0.07113132931841092,547,0.014138385587634729,694,0.017937915169686475,568,0.014681175527927835,12848,0.3320840548993254,312,0.008064307684354725,382,0.009873607485331748,135,0.0034893639018842566,227,0.0058673007831683424,1656,0.04280286386311355,743,0.01920442503037039,378,0.009770218925275919,36,0.0009304970405024684,15,0.00038770710020936185,9,0.0002326242601256171,6,0.00015508284008374475,2,5.169428002791491e-05,21,0.0005427899402931065,3,7.754142004187237e-05,2,5.169428002791491e-05,0,0.0,2,5.169428002791491e-05,2,5.169428002791491e-05,0,0.0,0,0.0,0,0.0,2,5.169428002791491e-05,52,0.0013440512807257876,23,0.0005944842203210215,21,0.0005427899402931065,2,5.169428002791491e-05,6,0.00015508284008374475,4,0.00010338856005582982,1,2.5847140013957454e-05,0,0.0,2,5.169428002791491e-05,4,0.00010338856005582982,239,0.006177466463335832,16,0.00041355424022331927,6,0.00015508284008374475,8,0.00020677712011165963,3,7.754142004187237e-05,5,0.00012923570006978727,5,0.00012923570006978727,3,7.754142004187237e-05,2,5.169428002791491e-05,6,0.00015508284008374475,0,0.0,6,0.00015508284008374475,4,0.00010338856005582982,0,0.0,2,5.169428002791491e-05,4,0.00010338856005582982,8,0.00020677712011165963,18,0.0004652485202512342,3,7.754142004187237e-05,1,2.5847140013957454e-05,18,0.0004652485202512342,3,7.754142004187237e-05,7,0.0001809299800977022,6,0.00015508284008374475,4,0.00010338856005582982,0,0.0,17,0.00043940138023727674,1232,0.031843676497195585,38689,1.0,ORIGEN,MUNICIPIO,COMPLETO
17,29,TLAXCALA,HUEYOTLIPAN,,,,11646,8330,0.715267044478791,0.28473295552120903,MORENA,2920,0.3505402160864346,1221,0.14657863145258104,PRI,1699,0.20396158463385355,216,0.025930372148859543,RSP,1483,0.178031212484994,MORENA,2920,0.3505402160864346,1221,0.14657863145258104,PRI,1699,0.20396158463385355,216,0.025930372148859543,RSP,1483,0.178031212484994,876,0.10516206482593037,1699,0.20396158463385355,76,0.009123649459783913,195,0.0234093637454982,107,0.012845138055222088,176,0.02112845138055222,153,0.018367346938775512,128,0.015366146458583434,2920,0.3505402160864346,72,0.008643457382953182,37,0.004441776710684273,18,0.0021608643457382954,27,0.003241296518607443,1483,0.178031212484994,30,0.003601440576230492,30,0.003601440576230492,2,0.00024009603841536616,2,0.00024009603841536616,1,0.00012004801920768308,0,0.0,0,0.0,0,0.0,0,0.0,0,0.0,0,0.0,0,0.0,0,0.0,0,0.0,0,0.0,0,0.0,0,0.0,0,0.0,0,0.0,1,0.00012004801920768308,0,0.0,0,0.0,0,0.0,0,0.0,0,0.0,0,0.0,0,0.0,36,0.004321728691476591,5,0.0006002400960384153,1,0.00012004801920768308,0,0.0,0,0.0,0,0.0,0,0.0,0,0.0,0,0.0,0,0.0,0,0.0,0,0.0,0,0.0,0,0.0,0,0.0,0,0.0,0,0.0,0,0.0,0,0.0,0,0.0,0,0.0,0,0.0,0,0.0,0,0.0,0,0.0,0,0.0,0,0.0,255,0.030612244897959183,8330,1.0,ORIGEN,MUNICIPIO,COMPLETO
18,29,TLAXCALA,IXTACUIXTLA DE MARIANO MATAMOROS,,,,29554,19406,0.6566285443594776,0.3433714556405224,MORENA,8772,0.45202514686179535,5372,0.2768216015665258,PRI,3400,0.1752035452952695,2265,0.11671647943934865,PAN,1135,0.058487065855920846,MORENA,8772,0.45202514686179535,5372,0.2768216015665258,PRI,3400,0.1752035452952695,2265,0.11671647943934865,PAN,1135,0.058487065855920846,1135,0.058487065855920846,3400,0.1752035452952695,552,0.02844481088323199,594,0.030609089972173556,510,0.026280531794290424,209,0.010769864990209214,784,0.0403998763269092,248,0.012779552715654952,8772,0.45202514686179535,296,0.015253014531588168,213,0.010975986808203648,224,0.011542821807688343,157,0.008090281356281563,923,0.04756260950221581,368,0.018963207255487995,78,0.0040193754508914764,1,5.153045449860868e-05,1,5.153045449860868e-05,1,5.153045449860868e-05,0,0.0,0,0.0,10,0.0005153045449860868,0,0.0,0,0.0,0,0.0,0,0.0,0,0.0,0,0.0,0,0.0,0,0.0,0,0.0,6,0.00030918272699165207,1,5.153045449860868e-05,9,0.0004637740904874781,0,0.0,4,0.00020612181799443472,2,0.00010306090899721736,1,5.153045449860868e-05,0,0.0,0,0.0,1,5.153045449860868e-05,88,0.004534679995877563,1,5.153045449860868e-05,1,5.153045449860868e-05,1,5.153045449860868e-05,7,0.00036071318149026073,0,0.0,2,0.00010306090899721736,1,5.153045449860868e-05,0,0.0,0,0.0,0,0.0,1,5.153045449860868e-05,0,0.0,0,0.0,0,0.0,3,0.00015459136349582603,1,5.153045449860868e-05,6,0.00030918272699165207,1,5.153045449860868e-05,0,0.0,4,0.00020612181799443472,0,0.0,1,5.153045449860868e-05,7,0.00036071318149026073,2,0.00010306090899721736,0,0.0,4,0.00020612181799443472,775,0.039936102236421724,19406,1.0,ORIGEN,MUNICIPIO,COMPLETO
19,29,TLAXCALA,IXTENCO,,,,5604,3654,0.6520342612419701,0.34796573875802994,MORENA,1086,0.29720853858784896,514,0.14066776135741654,PRI,572,0.15654077723043242,218,0.05966064586754242,PAN,354,0.09688013136288999,MORENA,1086,0.29720853858784896,514,0.14066776135741654,PRI,572,0.15654077723043242,218,0.05966064586754242,PAN,354,0.09688013136288999,354,0.09688013136288999,572,0.15654077723043242,83,0.022714833059660645,151,0.04132457580733443,51,0.013957307060755337,162,0.04433497536945813,98,0.02681992337164751,252,0.06896551724137931,1086,0.29720853858784896,113,0.030925013683634373,177,0.048440065681444995,89,0.02435686918445539,31,0.008483853311439518,184,0.05035577449370553,64,0.01751505199781062,47,0.012862616310892173,0,0.0,0,0.0,0,0.0,0,0.0,0,0.0,0,0.0,0,0.0,0,0.0,0,0.0,0,0.0,0,0.0,0,0.0,0,0.0,0,0.0,0,0.0,0,0.0,0,0.0,0,0.0,0,0.0,0,0.0,0,0.0,0,0.0,0,0.0,0,0.0,0,0.0,23,0.006294471811713191,0,0.0,0,0.0,0,0.0,0,0.0,0,0.0,0,0.0,0,0.0,0,0.0,0,0.0,0,0.0,0,0.0,0,0.0,0,0.0,0,0.0,0,0.0,0,0.0,0,0.0,0,0.0,0,0.0,0,0.0,0,0.0,0,0.0,0,0.0,0,0.0,0,0.0,1,0.0002736726874657909,116,0.031746031746031744,3654,1.0,ORIGEN,MUNICIPIO,COMPLETO
20,29,TLAXCALA,LA MAGDALENA TLALTELULCO,,,,13667,9132,0.6681788249067095,0.33182117509329045,MORENA,2894,0.3169075777485764,1446,0.1583442838370565,PRI,1448,0.15856329391151994,644,0.07052124397722295,PAN,804,0.08804204993429698,MORENA,2894,0.3169075777485764,1446,0.1583442838370565,PRI,1448,0.15856329391151994,644,0.07052124397722295,PAN,804,0.08804204993429698,804,0.08804204993429698,1448,0.15856329391151994,182,0.019929916776171702,727,0.07961016206745511,662,0.07249233464739378,118,0.012921594393342093,110,0.012045554095488393,324,0.035479632063074903,2894,0.3169075777485764,279,0.03055190538764783,75,0.00821287779237845,48,0.005256241787122208,72,0.00788436268068331,543,0.05946123521681997,548,0.060008760402978534,55,0.006022777047744197,0,0.0,0,0.0,0,0.0,0,0.0,0,0.0,2,0.0002190100744634253,0,0.0,0,0.0,0,0.0,0,0.0,0,0.0,0,0.0,0,0.0,0,0.0,0,0.0,1,0.00010950503723171266,0,0.0,7,0.0007665352606219887,0,0.0,0,0.0,1,0.00010950503723171266,1,0.00010950503723171266,0,0.0,0,0.0,0,0.0,42,0.0045992115637319315,0,0.0,0,0.0,0,0.0,0,0.0,0,0.0,0,0.0,0,0.0,0,0.0,0,0.0,0,0.0,0,0.0,0,0.0,1,0.00010950503723171266,0,0.0,0,0.0,0,0.0,1,0.00010950503723171266,1,0.00010950503723171266,0,0.0,1,0.00010950503723171266,0,0.0,0,0.0,1,0.00010950503723171266,0,0.0,0,0.0,1,0.00010950503723171266,183,0.020039421813403416,9132,1.0,ORIGEN,MUNICIPIO,COMPLETO
21,29,TLAXCALA,LAZARO CARDENAS,,,,2376,1994,0.8392255892255892,0.1607744107744108,MORENA,398,0.1995987963891675,63,0.03159478435305918,PRI,335,0.16800401203610832,135,0.06770310932798396,RSP,200,0.10030090270812438,MORENA,398,0.1995987963891675,63,0.03159478435305918,PRI,335,0.16800401203610832,135,0.06770310932798396,RSP,200,0.10030090270812438,176,0.08826479438314945,335,0.16800401203610832,81,0.040621865596790374,160,0.0802407221664995,121,0.06068204613841525,10,0.0050150451354062184,94,0.04714142427281846,70,0.03510531594784353,398,0.1995987963891675,128,0.0641925777331996,9,0.004513540621865597,9,0.004513540621865597,77,0.03861584754262788,200,0.10030090270812438,48,0.024072216649949848,14,0.007021063189568706,0,0.0,0,0.0,0,0.0,0,0.0,0,0.0,0,0.0,0,0.0,0,0.0,0,0.0,0,0.0,0,0.0,0,0.0,0,0.0,0,0.0,0,0.0,0,0.0,0,0.0,4,0.0020060180541624875,0,0.0,0,0.0,0,0.0,0,0.0,0,0.0,0,0.0,0,0.0,2,0.0010030090270812437,0,0.0,0,0.0,0,0.0,0,0.0,0,0.0,0,0.0,0,0.0,0,0.0,0,0.0,0,0.0,0,0.0,0,0.0,0,0.0,0,0.0,0,0.0,0,0.0,0,0.0,0,0.0,0,0.0,0,0.0,0,0.0,0,0.0,0,0.0,0,0.0,0,0.0,0,0.0,58,0.029087261785356068,1994,1.0,ORIGEN,MUNICIPIO,COMPLETO
22,29,TLAXCALA,MAZATECOCHCO DE JOSE MARIA MORELOS,,,,7968,5864,0.7359437751004017,0.26405622489959835,MORENA,2186,0.3727830832196453,1144,0.19508867667121418,PRI,1042,0.1776944065484311,442,0.07537517053206003,PRD,600,0.10231923601637108,MORENA,2186,0.3727830832196453,1144,0.19508867667121418,PRI,1042,0.1776944065484311,442,0.07537517053206003,PRD,600,0.10231923601637108,359,0.06122100954979536,1042,0.1776944065484311,600,0.10231923601637108,173,0.02950204638472033,221,0.03768758526603001,111,0.018929058663028648,102,0.017394270122783082,55,0.009379263301500683,2186,0.3727830832196453,40,0.0068212824010914054,170,0.02899045020463847,13,0.002216916780354707,33,0.0056275579809004096,520,0.08867667121418826,34,0.005798090040927694,21,0.0035811732605729877,4,0.0006821282401091405,5,0.0008526603001364257,2,0.00034106412005457026,1,0.00017053206002728513,0,0.0,0,0.0,0,0.0,0,0.0,0,0.0,0,0.0,0,0.0,0,0.0,0,0.0,0,0.0,0,0.0,0,0.0,0,0.0,7,0.0011937244201909959,0,0.0,0,0.0,0,0.0,0,0.0,0,0.0,0,0.0,2,0.00034106412005457026,7,0.0011937244201909959,1,0.00017053206002728513,1,0.00017053206002728513,1,0.00017053206002728513,0,0.0,0,0.0,0,0.0,0,0.0,0,0.0,0,0.0,0,0.0,0,0.0,0,0.0,0,0.0,0,0.0,0,0.0,0,0.0,0,0.0,0,0.0,0,0.0,0,0.0,0,0.0,0,0.0,0,0.0,0,0.0,0,0.0,1,0.00017053206002728513,152,0.02592087312414734,5864,1.0,ORIGEN,MUNICIPIO,COMPLETO
23,29,TLAXCALA,MUNOZ DE DOMINGO ARENAS,,,,3737,2694,0.7208991169387209,0.2791008830612791,MORENA,1075,0.39903489235337786,758,0.281365998515219,RSP,317,0.11766889383815887,27,0.01002227171492205,PRI,290,0.10764662212323682,MORENA,1075,0.39903489235337786,758,0.281365998515219,RSP,317,0.11766889383815887,27,0.01002227171492205,PRI,290,0.10764662212323682,282,0.10467706013363029,290,0.10764662212323682,12,0.004454342984409799,81,0.030066815144766147,53,0.01967334818114328,16,0.005939123979213066,28,0.010393466963622866,48,0.017817371937639197,1075,0.39903489235337786,31,0.011507052709725315,244,0.09057164068299926,48,0.017817371937639197,52,0.019302152932442463,317,0.11766889383815887,5,0.001855976243504083,12,0.004454342984409799,2,0.0007423904974016332,1,0.0003711952487008166,2,0.0007423904974016332,0,0.0,0,0.0,0,0.0,0,0.0,0,0.0,0,0.0,0,0.0,0,0.0,0,0.0,0,0.0,0,0.0,0,0.0,0,0.0,0,0.0,0,0.0,0,0.0,0,0.0,0,0.0,0,0.0,0,0.0,0,0.0,0,0.0,18,0.0066815144766146995,2,0.0007423904974016332,2,0.0007423904974016332,2,0.0007423904974016332,1,0.0003711952487008166,1,0.0003711952487008166,1,0.0003711952487008166,0,0.0,0,0.0,0,0.0,0,0.0,0,0.0,0,0.0,0,0.0,0,0.0,0,0.0,0,0.0,0,0.0,0,0.0,0,0.0,0,0.0,0,0.0,0,0.0,0,0.0,0,0.0,0,0.0,0,0.0,68,0.025241276911655532,2694,1.0,ORIGEN,MUNICIPIO,COMPLETO
24,29,TLAXCALA,NANACAMILPA DE MARIANO ARISTA,,,,13665,6741,0.4933040614709111,0.5066959385290889,MORENA,2310,0.3426791277258567,1002,0.14864263462394303,PRI,1308,0.19403649310191368,683,0.10132027889037235,PRD,625,0.09271621421154132,MORENA,2310,0.3426791277258567,1002,0.14864263462394303,PRI,1308,0.19403649310191368,683,0.10132027889037235,PRD,625,0.09271621421154132,438,0.06497552291944815,1308,0.19403649310191368,625,0.09271621421154132,512,0.07595312268209464,128,0.01898828067052366,196,0.029075804776739357,297,0.044058744993324434,356,0.05281115561489393,2310,0.3426791277258567,61,0.009049102507046432,23,0.0034119566829847203,12,0.0017801513128615932,61,0.009049102507046432,131,0.01943331849873906,56,0.008307372793354102,29,0.004302032339415517,3,0.0004450378282153983,0,0.0,1,0.0001483459427384661,0,0.0,0,0.0,5,0.0007417297136923305,0,0.0,0,0.0,0,0.0,0,0.0,0,0.0,0,0.0,0,0.0,0,0.0,0,0.0,3,0.0004450378282153983,1,0.0001483459427384661,1,0.0001483459427384661,1,0.0001483459427384661,2,0.0002966918854769322,0,0.0,3,0.0004450378282153983,0,0.0,1,0.0001483459427384661,0,0.0,15,0.0022251891410769915,0,0.0,0,0.0,0,0.0,0,0.0,2,0.0002966918854769322,1,0.0001483459427384661,0,0.0,0,0.0,1,0.0001483459427384661,0,0.0,0,0.0,1,0.0001483459427384661,1,0.0001483459427384661,0,0.0,0,0.0,0,0.0,1,0.0001483459427384661,0,0.0,0,0.0,0,0.0,0,0.0,1,0.0001483459427384661,1,0.0001483459427384661,2,0.0002966918854769322,0,0.0,1,0.0001483459427384661,150,0.022251891410769914,6741,1.0,ORIGEN,MUNICIPIO,COMPLETO
25,29,TLAXCALA,NATIVITAS,,,,19140,12625,0.6596133751306165,0.34038662486938354,MORENA,4056,0.3212673267326733,2446,0.19374257425742575,PT,1610,0.12752475247524753,298,0.023603960396039604,PAN,1312,0.10392079207920792,MORENA,4056,0.3212673267326733,2446,0.19374257425742575,PT,1610,0.12752475247524753,298,0.023603960396039604,PAN,1312,0.10392079207920792,1312,0.10392079207920792,1272,0.10075247524752476,288,0.02281188118811881,1610,0.12752475247524753,385,0.030495049504950494,546,0.043247524752475244,1158,0.09172277227722772,438,0.034693069306930696,4056,0.3212673267326733,212,0.016792079207920793,84,0.006653465346534653,118,0.009346534653465346,74,0.005861386138613861,394,0.031207920792079208,86,0.006811881188118812,103,0.008158415841584159,8,0.0006336633663366337,7,0.0005544554455445544,8,0.0006336633663366337,13,0.0010297029702970298,1,7.920792079207921e-05,0,0.0,0,0.0,0,0.0,0,0.0,0,0.0,0,0.0,0,0.0,0,0.0,0,0.0,0,0.0,0,0.0,0,0.0,31,0.0024554455445544555,0,0.0,0,0.0,0,0.0,0,0.0,0,0.0,0,0.0,8,0.0006336633663366337,38,0.00300990099009901,7,0.0005544554455445544,1,7.920792079207921e-05,0,0.0,0,0.0,0,0.0,0,0.0,0,0.0,0,0.0,0,0.0,0,0.0,0,0.0,0,0.0,0,0.0,0,0.0,0,0.0,0,0.0,0,0.0,0,0.0,0,0.0,0,0.0,0,0.0,0,0.0,0,0.0,0,0.0,0,0.0,1,7.920792079207921e-05,366,0.02899009900990099,12625,1.0,ORIGEN,MUNICIPIO,COMPLETO
26,29,TLAXCALA,PANOTLA,,,,20812,14330,0.6885450701518355,0.3114549298481645,MORENA,6577,0.4589672016748081,4213,0.2939986043265876,PRI,2364,0.1649685973482205,1560,0.10886252616887648,PAN,804,0.05610607117934403,MORENA,6577,0.4589672016748081,4213,0.2939986043265876,PRI,2364,0.1649685973482205,1560,0.10886252616887648,PAN,804,0.05610607117934403,804,0.05610607117934403,2364,0.1649685973482205,124,0.008653175157013259,718,0.05010467550593161,268,0.01870202372644801,240,0.01674808094905792,347,0.02421493370551291,201,0.014026517794836008,6577,0.4589672016748081,378,0.026378227494766225,320,0.022330774598743892,126,0.008792742498255408,122,0.00851360781577111,639,0.044591765526866715,429,0.029937194696441034,87,0.0060711793440334965,1,6.978367062107467e-05,0,0.0,0,0.0,1,6.978367062107467e-05,0,0.0,7,0.0004884856943475227,1,6.978367062107467e-05,0,0.0,0,0.0,1,6.978367062107467e-05,0,0.0,0,0.0,0,0.0,1,6.978367062107467e-05,0,0.0,3,0.000209351011863224,0,0.0,0,0.0,0,0.0,2,0.00013956734124214934,3,0.000209351011863224,1,6.978367062107467e-05,0,0.0,0,0.0,0,0.0,149,0.010397766922540125,3,0.000209351011863224,2,0.00013956734124214934,2,0.00013956734124214934,3,0.000209351011863224,2,0.00013956734124214934,3,0.000209351011863224,2,0.00013956734124214934,0,0.0,2,0.00013956734124214934,1,6.978367062107467e-05,1,6.978367062107467e-05,1,6.978367062107467e-05,1,6.978367062107467e-05,0,0.0,7,0.0004884856943475227,1,6.978367062107467e-05,4,0.0002791346824842987,3,0.000209351011863224,1,6.978367062107467e-05,1,6.978367062107467e-05,0,0.0,5,0.0003489183531053733,5,0.0003489183531053733,1,6.978367062107467e-05,1,6.978367062107467e-05,2,0.00013956734124214934,362,0.02526168876482903,14330,1.0,ORIGEN,MUNICIPIO,COMPLETO
27,29,TLAXCALA,PAPALOTLA DE XICOHTENCATL,,,,22817,14176,0.6212911425691371,0.3787088574308629,MORENA,4849,0.3420569977426637,2322,0.1637979683972912,PRI,2527,0.17825902934537247,776,0.05474040632054176,RSP,1751,0.1235186230248307,MORENA,4849,0.3420569977426637,2322,0.1637979683972912,PRI,2527,0.17825902934537247,776,0.05474040632054176,RSP,1751,0.1235186230248307,604,0.042607223476297966,2527,0.17825902934537247,536,0.03781038374717833,1032,0.07279909706546275,378,0.026664785553047403,362,0.02553611738148984,181,0.01276805869074492,84,0.005925507900677201,4849,0.3420569977426637,106,0.0074774266365688485,143,0.010087471783295712,47,0.0033154627539503387,229,0.016154063205417606,1751,0.1235186230248307,315,0.022220654627539502,275,0.019398984198645598,13,0.0009170428893905192,5,0.00035270880361173816,1,7.054176072234762e-05,1,7.054176072234762e-05,1,7.054176072234762e-05,1,7.054176072234762e-05,0,0.0,0,0.0,0,0.0,0,0.0,0,0.0,0,0.0,0,0.0,0,0.0,0,0.0,0,0.0,0,0.0,7,0.0004937923250564334,0,0.0,0,0.0,0,0.0,0,0.0,0,0.0,0,0.0,1,7.054176072234762e-05,418,0.029486455981941308,8,0.000564334085778781,10,0.0007054176072234763,2,0.00014108352144469525,1,7.054176072234762e-05,0,0.0,0,0.0,0,0.0,0,0.0,0,0.0,0,0.0,0,0.0,0,0.0,0,0.0,0,0.0,0,0.0,0,0.0,0,0.0,0,0.0,0,0.0,0,0.0,0,0.0,0,0.0,0,0.0,0,0.0,0,0.0,4,0.0002821670428893905,284,0.020033860045146727,14176,1.0,ORIGEN,MUNICIPIO,COMPLETO
28,29,TLAXCALA,SAN DAMIAN TEXOLOC,,,,4596,2919,0.6351174934725848,0.36488250652741516,MORENA,1052,0.3603973963686194,589,0.20178143199725934,PT,463,0.15861596437136005,14,0.004796163069544364,PRI,449,0.1538198013018157,MORENA,1052,0.3603973963686194,589,0.20178143199725934,PT,463,0.15861596437136005,14,0.004796163069544364,PRI,449,0.1538198013018157,223,0.0763960260363138,449,0.1538198013018157,57,0.019527235354573486,463,0.15861596437136005,35,0.011990407673860911,46,0.0157588215142172,252,0.08633093525179857,40,0.013703323055841042,1052,0.3603973963686194,20,0.006851661527920521,11,0.0037684138403562863,19,0.006509078451524495,11,0.0037684138403562863,67,0.022953066118533743,28,0.009592326139088728,10,0.0034258307639602604,8,0.0027406646111682084,3,0.0010277492291880781,5,0.0017129153819801302,1,0.00034258307639602604,0,0.0,0,0.0,0,0.0,0,0.0,0,0.0,0,0.0,0,0.0,0,0.0,0,0.0,0,0.0,0,0.0,0,0.0,0,0.0,8,0.0027406646111682084,0,0.0,0,0.0,0,0.0,0,0.0,0,0.0,0,0.0,4,0.0013703323055841042,6,0.0020554984583761563,1,0.00034258307639602604,1,0.00034258307639602604,0,0.0,0,0.0,0,0.0,0,0.0,0,0.0,0,0.0,0,0.0,0,0.0,0,0.0,0,0.0,0,0.0,0,0.0,0,0.0,0,0.0,0,0.0,0,0.0,0,0.0,0,0.0,0,0.0,0,0.0,0,0.0,0,0.0,0,0.0,1,0.00034258307639602604,98,0.03357314148681055,2919,1.0,ORIGEN,MUNICIPIO,COMPLETO
29,29,TLAXCALA,SAN FRANCISCO TETLANOHCAN,,,,8504,6264,0.7365945437441204,0.26340545625587963,MORENA,2341,0.3737228607918263,1118,0.1784802043422733,PRI,1223,0.195242656449553,800,0.1277139208173691,PT,423,0.06752873563218391,MORENA,2341,0.3737228607918263,1118,0.1784802043422733,PRI,1223,0.195242656449553,800,0.1277139208173691,PT,423,0.06752873563218391,331,0.05284163473818646,1223,0.195242656449553,74,0.01181353767560664,423,0.06752873563218391,200,0.031928480204342274,110,0.01756066411238825,242,0.03863346104725415,46,0.007343550446998723,2341,0.3737228607918263,239,0.038154533844189015,24,0.0038314176245210726,106,0.016922094508301407,33,0.005268199233716475,376,0.06002554278416347,232,0.037037037037037035,52,0.008301404853128991,8,0.001277139208173691,2,0.00031928480204342275,1,0.00015964240102171138,0,0.0,0,0.0,0,0.0,0,0.0,0,0.0,0,0.0,0,0.0,0,0.0,0,0.0,0,0.0,0,0.0,0,0.0,0,0.0,0,0.0,20,0.0031928480204342275,0,0.0,0,0.0,0,0.0,0,0.0,0,0.0,0,0.0,0,0.0,17,0.0027139208173690933,4,0.0006385696040868455,3,0.0004789272030651341,3,0.0004789272030651341,0,0.0,0,0.0,0,0.0,0,0.0,0,0.0,0,0.0,0,0.0,0,0.0,0,0.0,0,0.0,0,0.0,0,0.0,0,0.0,0,0.0,0,0.0,0,0.0,0,0.0,0,0.0,0,0.0,0,0.0,0,0.0,0,0.0,0,0.0,154,0.02458492975734355,6264,1.0,ORIGEN,MUNICIPIO,COMPLETO
30,29,TLAXCALA,SAN JERONIMO ZACUALPAN,,,,3136,2589,0.8255739795918368,0.17442602040816324,MORENA,768,0.2966396292004635,190,0.07338740826573967,PT,578,0.22325222093472383,142,0.0548474314407107,PRI,436,0.16840478949401314,MORENA,768,0.2966396292004635,190,0.07338740826573967,PT,578,0.22325222093472383,142,0.0548474314407107,PRI,436,0.16840478949401314,131,0.05059868675164156,436,0.16840478949401314,37,0.01429123213595983,578,0.22325222093472383,38,0.014677481653147934,168,0.06488991888760139,75,0.028968713789107765,45,0.01738122827346466,768,0.2966396292004635,42,0.016222479721900347,64,0.024719969100038625,4,0.001544998068752414,14,0.005407493240633449,51,0.019698725376593278,13,0.005021243723445346,12,0.004634994206257242,3,0.0011587485515643105,0,0.0,0,0.0,0,0.0,0,0.0,0,0.0,0,0.0,0,0.0,0,0.0,0,0.0,0,0.0,0,0.0,0,0.0,0,0.0,0,0.0,0,0.0,0,0.0,2,0.000772499034376207,0,0.0,0,0.0,0,0.0,0,0.0,0,0.0,0,0.0,5,0.0019312475859405175,14,0.005407493240633449,6,0.002317497103128621,1,0.0003862495171881035,1,0.0003862495171881035,0,0.0,0,0.0,0,0.0,0,0.0,0,0.0,0,0.0,0,0.0,0,0.0,0,0.0,0,0.0,0,0.0,0,0.0,0,0.0,0,0.0,0,0.0,0,0.0,0,0.0,0,0.0,0,0.0,0,0.0,0,0.0,0,0.0,0,0.0,81,0.031286210892236384,2589,1.0,ORIGEN,MUNICIPIO,COMPLETO
31,29,TLAXCALA,SAN JOSE TEACALCO,,,,4434,3481,0.7850699142986017,0.21493008570139827,MORENA,1313,0.37719046251077276,612,0.17581154840563057,PRI,701,0.2013789141051422,389,0.11174949727089917,PAN,312,0.08962941683424304,MORENA,1313,0.37719046251077276,612,0.17581154840563057,PRI,701,0.2013789141051422,389,0.11174949727089917,PAN,312,0.08962941683424304,312,0.08962941683424304,701,0.2013789141051422,78,0.02240735420856076,82,0.02355644929617926,83,0.023843723068083883,70,0.02010916403332376,232,0.06664751508187303,46,0.013214593507612756,1313,0.37719046251077276,31,0.008905486929043378,63,0.018098247629991383,75,0.021545532892846882,18,0.005170927894283252,196,0.05630565929330652,37,0.010629129560471129,23,0.006607296753806378,1,0.0002872737719046251,2,0.0005745475438092502,0,0.0,0,0.0,0,0.0,2,0.0005745475438092502,0,0.0,0,0.0,1,0.0002872737719046251,0,0.0,0,0.0,0,0.0,0,0.0,0,0.0,0,0.0,2,0.0005745475438092502,1,0.0002872737719046251,3,0.0008618213157138753,0,0.0,2,0.0005745475438092502,0,0.0,0,0.0,0,0.0,0,0.0,1,0.0002872737719046251,17,0.004883654122378627,0,0.0,0,0.0,0,0.0,2,0.0005745475438092502,0,0.0,0,0.0,0,0.0,0,0.0,0,0.0,0,0.0,1,0.0002872737719046251,0,0.0,0,0.0,0,0.0,1,0.0002872737719046251,0,0.0,1,0.0002872737719046251,1,0.0002872737719046251,0,0.0,0,0.0,0,0.0,1,0.0002872737719046251,0,0.0,0,0.0,0,0.0,1,0.0002872737719046251,81,0.023269175524274634,3481,1.0,ORIGEN,MUNICIPIO,COMPLETO
32,29,TLAXCALA,SAN JUAN HUACTZINCO,,,,5587,3940,0.7052085197780562,0.2947914802219438,MORENA,1606,0.40761421319796953,1079,0.2738578680203046,PRI,527,0.13375634517766496,244,0.06192893401015229,PT,283,0.07182741116751269,MORENA,1606,0.40761421319796953,1079,0.2738578680203046,PRI,527,0.13375634517766496,244,0.06192893401015229,PT,283,0.07182741116751269,210,0.0532994923857868,527,0.13375634517766496,158,0.04010152284263959,283,0.07182741116751269,121,0.03071065989847716,58,0.014720812182741117,126,0.03197969543147208,111,0.02817258883248731,1606,0.40761421319796953,28,0.007106598984771574,91,0.023096446700507613,54,0.013705583756345178,88,0.02233502538071066,244,0.06192893401015229,90,0.02284263959390863,17,0.004314720812182741,5,0.0012690355329949238,0,0.0,0,0.0,0,0.0,0,0.0,0,0.0,0,0.0,0,0.0,0,0.0,0,0.0,0,0.0,0,0.0,0,0.0,0,0.0,0,0.0,0,0.0,0,0.0,22,0.005583756345177665,0,0.0,0,0.0,0,0.0,0,0.0,0,0.0,0,0.0,3,0.0007614213197969543,7,0.0017766497461928934,2,0.0005076142131979696,2,0.0005076142131979696,0,0.0,0,0.0,0,0.0,0,0.0,0,0.0,0,0.0,0,0.0,0,0.0,0,0.0,0,0.0,0,0.0,0,0.0,0,0.0,0,0.0,0,0.0,0,0.0,0,0.0,0,0.0,0,0.0,0,0.0,0,0.0,0,0.0,0,0.0,0,0.0,87,0.022081218274111674,3940,1.0,ORIGEN,MUNICIPIO,COMPLETO
33,29,TLAXCALA,SAN LORENZO AXOCOMANITLA,,,,3944,3224,0.8174442190669371,0.1825557809330629,MORENA,1342,0.4162531017369727,882,0.27357320099255583,PRD,460,0.14267990074441686,152,0.04714640198511166,PRI,308,0.09553349875930521,MORENA,1342,0.4162531017369727,882,0.27357320099255583,PRD,460,0.14267990074441686,152,0.04714640198511166,PRI,308,0.09553349875930521,284,0.0880893300248139,308,0.09553349875930521,460,0.14267990074441686,271,0.08405707196029777,28,0.008684863523573201,27,0.008374689826302729,48,0.01488833746898263,54,0.016749379652605458,1342,0.4162531017369727,94,0.02915632754342432,12,0.0037220843672456576,34,0.01054590570719603,11,0.003411910669975186,97,0.03008684863523573,43,0.013337468982630272,14,0.004342431761786601,1,0.00031017369727047146,1,0.00031017369727047146,0,0.0,0,0.0,0,0.0,2,0.0006203473945409429,0,0.0,0,0.0,0,0.0,0,0.0,0,0.0,0,0.0,0,0.0,0,0.0,0,0.0,2,0.0006203473945409429,1,0.00031017369727047146,1,0.00031017369727047146,0,0.0,1,0.00031017369727047146,0,0.0,0,0.0,0,0.0,0,0.0,0,0.0,8,0.0024813895781637717,1,0.00031017369727047146,1,0.00031017369727047146,0,0.0,0,0.0,0,0.0,0,0.0,0,0.0,0,0.0,0,0.0,1,0.00031017369727047146,1,0.00031017369727047146,0,0.0,1,0.00031017369727047146,0,0.0,0,0.0,0,0.0,5,0.0015508684863523574,1,0.00031017369727047146,0,0.0,0,0.0,0,0.0,0,0.0,7,0.0021712158808933004,1,0.00031017369727047146,0,0.0,0,0.0,61,0.01892059553349876,3224,1.0,ORIGEN,MUNICIPIO,COMPLETO
34,29,TLAXCALA,SAN LUCAS TECOPILCO,,,,2536,1946,0.7673501577287066,0.23264984227129337,MORENA,435,0.223535457348407,142,0.07297019527235354,PRI,293,0.15056526207605345,42,0.02158273381294964,RSP,251,0.1289825282631038,MORENA,435,0.223535457348407,142,0.07297019527235354,PRI,293,0.15056526207605345,42,0.02158273381294964,RSP,251,0.1289825282631038,171,0.08787255909558069,293,0.15056526207605345,18,0.009249743062692703,191,0.09815005138746145,20,0.010277492291880781,13,0.006680369989722507,20,0.010277492291880781,186,0.09558067831449127,435,0.223535457348407,21,0.01079136690647482,214,0.10996916752312436,12,0.006166495375128468,14,0.007194244604316547,251,0.1289825282631038,14,0.007194244604316547,16,0.008221993833504625,1,0.0005138746145940391,1,0.0005138746145940391,0,0.0,0,0.0,0,0.0,0,0.0,0,0.0,0,0.0,0,0.0,0,0.0,0,0.0,0,0.0,0,0.0,0,0.0,0,0.0,0,0.0,0,0.0,0,0.0,0,0.0,0,0.0,0,0.0,0,0.0,0,0.0,0,0.0,0,0.0,9,0.0046248715313463515,2,0.0010277492291880781,1,0.0005138746145940391,0,0.0,0,0.0,0,0.0,0,0.0,0,0.0,0,0.0,0,0.0,0,0.0,0,0.0,0,0.0,0,0.0,0,0.0,0,0.0,0,0.0,0,0.0,0,0.0,0,0.0,0,0.0,0,0.0,0,0.0,0,0.0,0,0.0,0,0.0,0,0.0,43,0.022096608427543678,1946,1.0,ORIGEN,MUNICIPIO,COMPLETO
35,29,TLAXCALA,SAN PABLO DEL MONTE,,,,58289,36678,0.629243939679871,0.370756060320129,MORENA,10319,0.28134031299416545,3146,0.08577348819455805,PRI,7173,0.19556682479960738,4122,0.11238344511696385,PANALT,3051,0.08318337968264354,MORENA,10319,0.28134031299416545,3146,0.08577348819455805,PRI,7173,0.19556682479960738,4122,0.11238344511696385,PANALT,3051,0.08318337968264354,2064,0.05627351545885817,7173,0.19556682479960738,1794,0.04891215442499591,2675,0.07293200283548722,1060,0.028900158132940727,1897,0.05172037733791374,839,0.02287474780522384,453,0.012350727956813348,10319,0.28134031299416545,3051,0.08318337968264354,616,0.01679480887725612,243,0.006625224930476035,355,0.009678826544522602,1577,0.04299580129778069,685,0.01867604558590981,60,0.0016358580075249468,26,0.0007088718032608103,20,0.0005452860025083156,97,0.002644637112165331,41,0.001117836305142047,7,0.00019085010087791047,24,0.0006543432030099788,4,0.00010905720050166312,4,0.00010905720050166312,4,0.00010905720050166312,2,5.452860025083156e-05,2,5.452860025083156e-05,0,0.0,1,2.726430012541578e-05,0,0.0,2,5.452860025083156e-05,16,0.0004362288020066525,4,0.00010905720050166312,170,0.004634931021320682,14,0.00038170020175582093,7,0.00019085010087791047,3,8.179290037624735e-05,0,0.0,0,0.0,1,2.726430012541578e-05,30,0.0008179290037624734,48,0.0013086864060199575,155,0.004225966519439446,3,8.179290037624735e-05,8,0.00021811440100332624,5,0.0001363215006270789,3,8.179290037624735e-05,2,5.452860025083156e-05,5,0.0001363215006270789,3,8.179290037624735e-05,2,5.452860025083156e-05,1,2.726430012541578e-05,2,5.452860025083156e-05,1,2.726430012541578e-05,1,2.726430012541578e-05,4,0.00010905720050166312,7,0.00019085010087791047,2,5.452860025083156e-05,1,2.726430012541578e-05,7,0.00019085010087791047,1,2.726430012541578e-05,0,0.0,8,0.00021811440100332624,2,5.452860025083156e-05,3,8.179290037624735e-05,0,0.0,0,0.0,0,0.0,1064,0.02900921533344239,36678,1.0,ORIGEN,MUNICIPIO,COMPLETO
36,29,TLAXCALA,SANCTORUM DE LAZARO CARDENAS,,,,6864,4352,0.634032634032634,0.365967365967366,MORENA,1474,0.33869485294117646,642,0.14751838235294118,PRI,832,0.19117647058823528,449,0.10317095588235294,PAN,383,0.08800551470588236,MORENA,1474,0.33869485294117646,642,0.14751838235294118,PRI,832,0.19117647058823528,449,0.10317095588235294,PAN,383,0.08800551470588236,383,0.08800551470588236,832,0.19117647058823528,345,0.07927389705882353,222,0.051011029411764705,63,0.014476102941176471,48,0.011029411764705883,102,0.0234375,150,0.034466911764705885,1474,0.33869485294117646,28,0.006433823529411764,85,0.01953125,10,0.002297794117647059,57,0.013097426470588236,329,0.07559742647058823,30,0.006893382352941176,35,0.008042279411764705,2,0.00045955882352941176,0,0.0,1,0.00022977941176470588,0,0.0,0,0.0,1,0.00022977941176470588,0,0.0,0,0.0,0,0.0,0,0.0,0,0.0,0,0.0,0,0.0,0,0.0,0,0.0,2,0.00045955882352941176,2,0.00045955882352941176,4,0.0009191176470588235,1,0.00022977941176470588,3,0.0006893382352941177,1,0.00022977941176470588,0,0.0,0,0.0,0,0.0,0,0.0,17,0.00390625,1,0.00022977941176470588,0,0.0,0,0.0,0,0.0,0,0.0,0,0.0,0,0.0,0,0.0,0,0.0,0,0.0,0,0.0,1,0.00022977941176470588,0,0.0,0,0.0,0,0.0,1,0.00022977941176470588,0,0.0,0,0.0,0,0.0,2,0.00045955882352941176,0,0.0,0,0.0,0,0.0,1,0.00022977941176470588,1,0.00022977941176470588,1,0.00022977941176470588,117,0.02688419117647059,4352,1.0,ORIGEN,MUNICIPIO,COMPLETO
37,29,TLAXCALA,SANTA ANA NOPALUCAN,,,,5710,4434,0.7765323992994746,0.2234676007005254,MORENA,1436,0.32386107352277854,264,0.05953991880920163,PT,1172,0.2643211547135769,614,0.13847541723049164,PRD,558,0.12584573748308525,MORENA,1436,0.32386107352277854,264,0.05953991880920163,PT,1172,0.2643211547135769,614,0.13847541723049164,PRD,558,0.12584573748308525,328,0.07397383852052324,402,0.09066305818673884,558,0.12584573748308525,1172,0.2643211547135769,61,0.013757329724853405,36,0.008119079837618403,49,0.011050969778980605,28,0.006314839873703203,1436,0.32386107352277854,22,0.004961659900766802,108,0.02435723951285521,6,0.0013531799729364006,8,0.0018042399639152007,61,0.013757329724853405,21,0.004736129905277402,26,0.005863779882724403,3,0.0006765899864682003,1,0.0002255299954894001,0,0.0,0,0.0,0,0.0,0,0.0,0,0.0,0,0.0,0,0.0,0,0.0,0,0.0,0,0.0,0,0.0,0,0.0,0,0.0,0,0.0,0,0.0,20,0.0045105999097880016,0,0.0,0,0.0,0,0.0,0,0.0,0,0.0,0,0.0,1,0.0002255299954894001,1,0.0002255299954894001,1,0.0002255299954894001,1,0.0002255299954894001,1,0.0002255299954894001,0,0.0,0,0.0,0,0.0,0,0.0,0,0.0,0,0.0,0,0.0,0,0.0,0,0.0,0,0.0,0,0.0,0,0.0,0,0.0,0,0.0,0,0.0,0,0.0,0,0.0,0,0.0,0,0.0,0,0.0,0,0.0,0,0.0,0,0.0,83,0.018718989625620207,4434,1.0,ORIGEN,MUNICIPIO,COMPLETO
38,29,TLAXCALA,SANTA APOLONIA TEACALCO,,,,3774,3146,0.8335983041865395,0.16640169581346054,MORENA,1225,0.3893833439287985,856,0.27209154481881753,PT,369,0.11729179910998093,39,0.012396694214876033,PAN,330,0.1048951048951049,MORENA,1225,0.3893833439287985,856,0.27209154481881753,PT,369,0.11729179910998093,39,0.012396694214876033,PAN,330,0.1048951048951049,330,0.1048951048951049,278,0.08836617927527018,76,0.024157660521296885,369,0.11729179910998093,46,0.014621741894469168,15,0.004767959313413859,97,0.030832803560076286,222,0.07056579783852511,1225,0.3893833439287985,171,0.05435473617291799,38,0.012078830260648443,3,0.0009535918626827717,59,0.018753973299427844,47,0.014939605848696759,38,0.012078830260648443,18,0.00572155117609663,3,0.0009535918626827717,0,0.0,0,0.0,0,0.0,0,0.0,0,0.0,0,0.0,0,0.0,0,0.0,0,0.0,0,0.0,0,0.0,0,0.0,0,0.0,0,0.0,0,0.0,0,0.0,35,0.01112523839796567,0,0.0,0,0.0,0,0.0,0,0.0,0,0.0,0,0.0,1,0.0003178639542275906,9,0.002860775588048315,0,0.0,0,0.0,0,0.0,0,0.0,0,0.0,0,0.0,0,0.0,0,0.0,0,0.0,0,0.0,0,0.0,0,0.0,0,0.0,0,0.0,0,0.0,0,0.0,0,0.0,0,0.0,0,0.0,0,0.0,0,0.0,0,0.0,0,0.0,0,0.0,0,0.0,0,0.0,66,0.02097902097902098,3146,1.0,ORIGEN,MUNICIPIO,COMPLETO
39,29,TLAXCALA,SANTA CATARINA AYOMETLA,,,,7145,5402,0.7560531840447866,0.2439468159552134,MORENA,1927,0.3567197334320622,1370,0.25360977415771935,RSP,557,0.10310995927434284,58,0.010736764161421697,PRI,499,0.09237319511292114,MORENA,1927,0.3567197334320622,1370,0.25360977415771935,RSP,557,0.10310995927434284,58,0.010736764161421697,PRI,499,0.09237319511292114,322,0.05960755275823769,499,0.09237319511292114,197,0.03646797482413921,450,0.08330248056275454,50,0.009255831173639394,207,0.038319141058867086,252,0.04664938911514254,55,0.010181414291003332,1927,0.3567197334320622,327,0.06053313587560163,220,0.04072565716401333,29,0.005368382080710848,42,0.00777489818585709,557,0.10310995927434284,17,0.0031469825990373935,14,0.00259163272861903,0,0.0,3,0.0005553498704183636,0,0.0,1,0.00018511662347278786,0,0.0,5,0.0009255831173639393,1,0.00018511662347278786,0,0.0,0,0.0,0,0.0,0,0.0,0,0.0,0,0.0,0,0.0,1,0.00018511662347278786,3,0.0005553498704183636,0,0.0,2,0.00037023324694557573,0,0.0,3,0.0005553498704183636,2,0.00037023324694557573,1,0.00018511662347278786,0,0.0,0,0.0,0,0.0,23,0.004257682339874121,5,0.0009255831173639393,1,0.00018511662347278786,0,0.0,3,0.0005553498704183636,3,0.0005553498704183636,0,0.0,0,0.0,0,0.0,3,0.0005553498704183636,0,0.0,0,0.0,0,0.0,1,0.00018511662347278786,0,0.0,1,0.00018511662347278786,1,0.00018511662347278786,8,0.001480932987782303,2,0.00037023324694557573,0,0.0,1,0.00018511662347278786,0,0.0,1,0.00018511662347278786,3,0.0005553498704183636,6,0.0011106997408367272,3,0.0005553498704183636,1,0.00018511662347278786,149,0.02758237689744539,5402,1.0,ORIGEN,MUNICIPIO,COMPLETO
40,29,TLAXCALA,SANTA CRUZ QUILEHTLA,,,,5169,3893,0.7531437415360804,0.24685625846391956,MORENA,1632,0.4192139737991266,1212,0.31132802465964554,PT,420,0.10788594913948112,171,0.04392499357821731,PRI,249,0.06396095556126381,MORENA,1632,0.4192139737991266,1212,0.31132802465964554,PT,420,0.10788594913948112,171,0.04392499357821731,PRI,249,0.06396095556126381,248,0.06370408425378885,249,0.06396095556126381,221,0.056768558951965066,420,0.10788594913948112,175,0.04495247880811713,120,0.030824556896994607,147,0.03776008219881839,18,0.0046236835345491905,1632,0.4192139737991266,40,0.010274852298998202,18,0.0046236835345491905,5,0.0012843565373747753,7,0.0017980991523246853,227,0.0583097867968148,46,0.011816080143847931,155,0.03981505265861803,1,0.00025687130747495504,0,0.0,0,0.0,0,0.0,0,0.0,0,0.0,0,0.0,0,0.0,0,0.0,0,0.0,0,0.0,0,0.0,0,0.0,0,0.0,0,0.0,0,0.0,0,0.0,56,0.014384793218597482,0,0.0,0,0.0,0,0.0,0,0.0,0,0.0,0,0.0,2,0.0005137426149499101,5,0.0012843565373747753,1,0.00025687130747495504,1,0.00025687130747495504,0,0.0,0,0.0,0,0.0,0,0.0,0,0.0,0,0.0,0,0.0,0,0.0,0,0.0,0,0.0,0,0.0,0,0.0,0,0.0,0,0.0,0,0.0,0,0.0,0,0.0,0,0.0,0,0.0,0,0.0,0,0.0,0,0.0,0,0.0,0,0.0,99,0.025430259440020548,3893,1.0,ORIGEN,MUNICIPIO,COMPLETO
41,29,TLAXCALA,SANTA CRUZ TLAXCALA,,,,15620,10514,0.6731113956466069,0.32688860435339306,MORENA,4316,0.4105002853338406,2709,0.2576564580559254,PRI,1607,0.15284382727791515,499,0.0474605288187179,PAN,1108,0.10538329845919726,MORENA,4316,0.4105002853338406,2709,0.2576564580559254,PRI,1607,0.15284382727791515,499,0.0474605288187179,PAN,1108,0.10538329845919726,1108,0.10538329845919726,1607,0.15284382727791515,117,0.011128019783146282,297,0.028248050218755944,388,0.03690317671675861,359,0.034144949591021496,349,0.03319383678904318,251,0.0238729313296557,4316,0.4105002853338406,89,0.008464903937607,74,0.007038234734639528,42,0.0039946737683089215,47,0.0044702301692980785,856,0.08141525584934373,175,0.016644474034620507,50,0.004755564009891573,5,0.0004755564009891573,5,0.0004755564009891573,1,9.511128019783147e-05,0,0.0,0,0.0,13,0.0012364466425718091,2,0.00019022256039566293,1,9.511128019783147e-05,0,0.0,0,0.0,0,0.0,0,0.0,0,0.0,0,0.0,0,0.0,7,0.0006657789613848203,1,9.511128019783147e-05,9,0.0008560015217804832,1,9.511128019783147e-05,0,0.0,4,0.00038044512079132587,2,0.00019022256039566293,2,0.00019022256039566293,1,9.511128019783147e-05,0,0.0,25,0.0023777820049457866,3,0.00028533384059349436,0,0.0,0,0.0,5,0.0004755564009891573,0,0.0,4,0.00038044512079132587,1,9.511128019783147e-05,0,0.0,2,0.00019022256039566293,1,9.511128019783147e-05,0,0.0,1,9.511128019783147e-05,1,9.511128019783147e-05,1,9.511128019783147e-05,4,0.00038044512079132587,3,0.00028533384059349436,0,0.0,2,0.00019022256039566293,0,0.0,9,0.0008560015217804832,0,0.0,3,0.00028533384059349436,1,9.511128019783147e-05,6,0.0005706676811869887,0,0.0,0,0.0,263,0.025014266692029673,10514,1.0,ORIGEN,MUNICIPIO,COMPLETO
42,29,TLAXCALA,SANTA ISABEL XILOXOXTLA,,,,3361,2490,0.7408509372210652,0.2591490627789348,MORENA,902,0.36224899598393573,258,0.10361445783132531,PRI,644,0.25863453815261045,380,0.15261044176706828,PT,264,0.10602409638554217,MORENA,902,0.36224899598393573,258,0.10361445783132531,PRI,644,0.25863453815261045,380,0.15261044176706828,PT,264,0.10602409638554217,147,0.05903614457831325,644,0.25863453815261045,26,0.010441767068273093,264,0.10602409638554217,83,0.03333333333333333,124,0.04979919678714859,42,0.016867469879518072,69,0.027710843373493974,902,0.36224899598393573,27,0.010843373493975903,4,0.001606425702811245,6,0.0024096385542168677,10,0.004016064257028112,49,0.01967871485943775,26,0.010441767068273093,6,0.0024096385542168677,1,0.00040160642570281126,1,0.00040160642570281126,1,0.00040160642570281126,0,0.0,0,0.0,0,0.0,0,0.0,0,0.0,0,0.0,0,0.0,0,0.0,0,0.0,0,0.0,0,0.0,0,0.0,0,0.0,0,0.0,0,0.0,0,0.0,0,0.0,0,0.0,0,0.0,0,0.0,0,0.0,0,0.0,14,0.005622489959839358,1,0.00040160642570281126,1,0.00040160642570281126,1,0.00040160642570281126,0,0.0,0,0.0,0,0.0,0,0.0,0,0.0,0,0.0,0,0.0,0,0.0,0,0.0,0,0.0,0,0.0,0,0.0,0,0.0,0,0.0,0,0.0,0,0.0,0,0.0,0,0.0,0,0.0,0,0.0,0,0.0,0,0.0,0,0.0,41,0.01646586345381526,2490,1.0,ORIGEN,MUNICIPIO,COMPLETO
43,29,TLAXCALA,TENANCINGO,,,,9115,5374,0.5895776193088316,0.41042238069116843,MORENA,2252,0.4190547078526237,1179,0.21938965388909565,PRI,1073,0.1996650539635281,309,0.05749906959434313,PAN,764,0.14216598436918496,MORENA,2252,0.4190547078526237,1179,0.21938965388909565,PRI,1073,0.1996650539635281,309,0.05749906959434313,PAN,764,0.14216598436918496,764,0.14216598436918496,1073,0.1996650539635281,31,0.0057685150725716415,118,0.02195757350204689,22,0.004093784890212133,43,0.008001488649050986,68,0.012653516933382954,86,0.016002977298101972,2252,0.4190547078526237,28,0.005210271678451805,60,0.011164867882396725,11,0.0020468924451060664,66,0.012281354670636397,409,0.07610718273167101,170,0.03163379233345739,4,0.000744324525493115,0,0.0,0,0.0,0,0.0,0,0.0,0,0.0,1,0.00018608113137327876,0,0.0,0,0.0,0,0.0,0,0.0,0,0.0,0,0.0,0,0.0,0,0.0,0,0.0,1,0.00018608113137327876,0,0.0,24,0.00446594715295869,0,0.0,0,0.0,0,0.0,0,0.0,0,0.0,0,0.0,2,0.0003721622627465575,0,0.0,0,0.0,0,0.0,0,0.0,3,0.0005582433941198362,0,0.0,0,0.0,0,0.0,0,0.0,0,0.0,0,0.0,1,0.00018608113137327876,0,0.0,0,0.0,0,0.0,0,0.0,0,0.0,0,0.0,1,0.00018608113137327876,0,0.0,0,0.0,1,0.00018608113137327876,1,0.00018608113137327876,0,0.0,0,0.0,0,0.0,0,0.0,134,0.024934871604019353,5374,1.0,ORIGEN,MUNICIPIO,COMPLETO
44,29,TLAXCALA,TEOLOCHOLCO,,,,17875,13286,0.7432727272727273,0.2567272727272727,MORENA,5288,0.39801294595815145,3249,0.24454312810477194,PRI,2039,0.1534698178533795,1067,0.08031010085804606,PT,972,0.07315971699533344,MORENA,5288,0.39801294595815145,3249,0.24454312810477194,PRI,2039,0.1534698178533795,1067,0.08031010085804606,PT,972,0.07315971699533344,788,0.05931055246123739,2039,0.1534698178533795,433,0.03259069697425862,972,0.07315971699533344,804,0.06051482763811531,267,0.020096342014150233,389,0.029278940237844348,94,0.00707511666415776,5288,0.39801294595815145,117,0.008806262230919765,33,0.002483817552310703,50,0.003763359927743489,47,0.00353755833207888,895,0.06736414270660845,425,0.03198855938581966,158,0.011892217371669426,14,0.001053740779768177,10,0.0007526719855486979,8,0.0006021375884389584,1,7.52671985548698e-05,0,0.0,0,0.0,0,0.0,0,0.0,0,0.0,0,0.0,0,0.0,0,0.0,0,0.0,0,0.0,0,0.0,0,0.0,0,0.0,22,0.0016558783682071353,0,0.0,0,0.0,0,0.0,0,0.0,0,0.0,0,0.0,5,0.00037633599277434894,58,0.004365497516182448,6,0.0004516031913292187,8,0.0006021375884389584,10,0.0007526719855486979,3,0.00022580159566460935,2,0.0001505343971097396,9,0.0006774047869938281,0,0.0,0,0.0,0,0.0,0,0.0,0,0.0,0,0.0,0,0.0,0,0.0,0,0.0,0,0.0,0,0.0,0,0.0,0,0.0,0,0.0,0,0.0,0,0.0,0,0.0,0,0.0,0,0.0,1,7.52671985548698e-05,330,0.02483817552310703,13286,1.0,ORIGEN,MUNICIPIO,COMPLETO
45,29,TLAXCALA,TEPETITLA DE LARDIZABAL,,,,15487,8216,0.5305094595467166,0.4694905404532834,MORENA,3666,0.4462025316455696,2635,0.32071567672833495,PT,1031,0.12548685491723466,123,0.01497078870496592,PAN,908,0.11051606621226874,MORENA,3666,0.4462025316455696,2635,0.32071567672833495,PT,1031,0.12548685491723466,123,0.01497078870496592,PAN,908,0.11051606621226874,908,0.11051606621226874,620,0.07546251217137293,263,0.03201071080817916,1031,0.12548685491723466,194,0.023612463485881207,161,0.01959591041869523,235,0.028602726387536515,131,0.015944498539435248,3666,0.4462025316455696,114,0.013875365141187927,84,0.010223953261927946,23,0.0027994157740993185,87,0.010589094449853944,357,0.043451801363193765,57,0.006937682570593963,39,0.004746835443037975,2,0.00024342745861733204,2,0.00024342745861733204,0,0.0,0,0.0,0,0.0,0,0.0,0,0.0,0,0.0,0,0.0,0,0.0,0,0.0,0,0.0,0,0.0,0,0.0,0,0.0,0,0.0,0,0.0,16,0.0019474196689386564,0,0.0,0,0.0,0,0.0,0,0.0,0,0.0,0,0.0,3,0.00036514118792599804,17,0.002069133398247322,0,0.0,1,0.00012171372930866602,0,0.0,0,0.0,0,0.0,0,0.0,0,0.0,0,0.0,0,0.0,0,0.0,0,0.0,0,0.0,0,0.0,0,0.0,0,0.0,0,0.0,0,0.0,0,0.0,0,0.0,0,0.0,0,0.0,0,0.0,0,0.0,0,0.0,0,0.0,0,0.0,205,0.024951314508276534,8216,1.0,ORIGEN,MUNICIPIO,COMPLETO
46,29,TLAXCALA,TEPEYANCO,,,,9301,6951,0.7473389958069024,0.25266100419309756,MORENA,2365,0.34023881455905625,1277,0.18371457344267011,PRI,1088,0.15652424111638613,531,0.07639188605955978,PANALT,557,0.08013235505682635,MORENA,2365,0.34023881455905625,1277,0.18371457344267011,PRI,1088,0.15652424111638613,531,0.07639188605955978,PANALT,557,0.08013235505682635,421,0.06056682491727809,1088,0.15652424111638613,222,0.031937850668968495,514,0.07394619479211624,86,0.012372320529420227,161,0.023162134944612285,206,0.029636023593727523,199,0.028628974248309597,2365,0.34023881455905625,557,0.08013235505682635,34,0.004891382534887067,24,0.0034527406128614588,21,0.0030211480362537764,540,0.07768666378938283,160,0.023018270752409725,70,0.010070493454179255,3,0.00043159257660768235,3,0.00043159257660768235,4,0.0005754567688102431,0,0.0,0,0.0,9,0.001294777729823047,2,0.00028772838440512156,1,0.00014386419220256078,1,0.00014386419220256078,0,0.0,0,0.0,0,0.0,0,0.0,1,0.00014386419220256078,0,0.0,5,0.0007193209610128039,7,0.0010070493454179255,1,0.00014386419220256078,1,0.00014386419220256078,2,0.00028772838440512156,0,0.0,0,0.0,0,0.0,2,0.00028772838440512156,2,0.00028772838440512156,54,0.007768666378938282,2,0.00028772838440512156,3,0.00043159257660768235,3,0.00043159257660768235,3,0.00043159257660768235,2,0.00028772838440512156,0,0.0,0,0.0,0,0.0,2,0.00028772838440512156,0,0.0,0,0.0,1,0.00014386419220256078,1,0.00014386419220256078,0,0.0,0,0.0,0,0.0,5,0.0007193209610128039,2,0.00028772838440512156,1,0.00014386419220256078,6,0.0008631851532153647,0,0.0,0,0.0,6,0.0008631851532153647,1,0.00014386419220256078,0,0.0,0,0.0,147,0.021148036253776436,6951,1.0,ORIGEN,MUNICIPIO,COMPLETO
47,29,TLAXCALA,TERRENATE,,,,10806,8143,0.7535628354617805,0.2464371645382195,MORENA,3197,0.3926071472430308,1978,0.24290801915755864,PRI,1219,0.14969912808547217,406,0.049858774407466534,PAC,813,0.09984035367800564,MORENA,3197,0.3926071472430308,1978,0.24290801915755864,PRI,1219,0.14969912808547217,406,0.049858774407466534,PAC,813,0.09984035367800564,502,0.06164804126243399,1219,0.14969912808547217,130,0.015964632199435096,464,0.05698145646567604,304,0.037332678374063615,68,0.008350730688935281,813,0.09984035367800564,637,0.07822669777723198,3197,0.3926071472430308,113,0.013876949527201277,52,0.006385852879774039,28,0.003438536166032175,46,0.005649023701338573,172,0.02112243644848336,21,0.002578902124524131,94,0.0115436571288223,0,0.0,0,0.0,0,0.0,0,0.0,0,0.0,1,0.00012280486307257767,0,0.0,0,0.0,0,0.0,0,0.0,0,0.0,0,0.0,0,0.0,1,0.00012280486307257767,0,0.0,0,0.0,0,0.0,19,0.002333292398378976,0,0.0,1,0.00012280486307257767,1,0.00012280486307257767,0,0.0,0,0.0,0,0.0,0,0.0,49,0.006017438290556306,0,0.0,0,0.0,0,0.0,0,0.0,0,0.0,0,0.0,0,0.0,0,0.0,0,0.0,0,0.0,0,0.0,0,0.0,0,0.0,0,0.0,0,0.0,0,0.0,0,0.0,0,0.0,0,0.0,0,0.0,0,0.0,0,0.0,0,0.0,0,0.0,0,0.0,0,0.0,211,0.025911826108313888,8143,1.0,ORIGEN,MUNICIPIO,COMPLETO
48,29,TLAXCALA,TETLA DE LA SOLIDARIDAD,,,,23180,14771,0.637230371009491,0.362769628990509,MORENA,5035,0.3408706248730621,3311,0.22415543971295104,PAN,1724,0.11671518516011103,165,0.011170536862771648,PRI,1559,0.10554464829733938,MORENA,5035,0.3408706248730621,3311,0.22415543971295104,PAN,1724,0.11671518516011103,165,0.011170536862771648,PRI,1559,0.10554464829733938,1724,0.11671518516011103,1559,0.10554464829733938,401,0.02714778958770564,1088,0.07365784307088213,199,0.013472344458736714,148,0.010019633064789113,206,0.013946246022611875,1328,0.08990589668945907,5035,0.3408706248730621,133,0.009004129713628056,271,0.018346760544309795,57,0.0038589127344120237,146,0.009884232617967639,1523,0.10310744025455285,335,0.02267957484259698,68,0.004603615191930133,7,0.0004739015638751608,1,6.770022341073725e-05,1,6.770022341073725e-05,0,0.0,0,0.0,14,0.0009478031277503216,5,0.0003385011170536863,3,0.00020310067023221177,1,6.770022341073725e-05,0,0.0,0,0.0,0,0.0,0,0.0,0,0.0,0,0.0,7,0.0004739015638751608,1,6.770022341073725e-05,17,0.0011509037979825333,0,0.0,2,0.0001354004468214745,0,0.0,0,0.0,0,0.0,2,0.0001354004468214745,0,0.0,23,0.0015571051384469568,2,0.0001354004468214745,1,6.770022341073725e-05,2,0.0001354004468214745,1,6.770022341073725e-05,1,6.770022341073725e-05,3,0.00020310067023221177,2,0.0001354004468214745,0,0.0,0,0.0,0,0.0,1,6.770022341073725e-05,0,0.0,0,0.0,0,0.0,1,6.770022341073725e-05,0,0.0,3,0.00020310067023221177,1,6.770022341073725e-05,1,6.770022341073725e-05,1,6.770022341073725e-05,1,6.770022341073725e-05,0,0.0,3,0.00020310067023221177,2,0.0001354004468214745,0,0.0,21,0.0014217046916254823,419,0.02836639360909891,14771,1.0,ORIGEN,MUNICIPIO,COMPLETO
49,29,TLAXCALA,TETLATLAHUCA,,,,9739,5305,0.5447171167470993,0.45528288325290067,MORENA,1569,0.2957587181903864,575,0.10838831291234684,PT,994,0.18737040527803958,323,0.06088595664467483,PRI,671,0.12648444863336475,MORENA,1569,0.2957587181903864,575,0.10838831291234684,PT,994,0.18737040527803958,323,0.06088595664467483,PRI,671,0.12648444863336475,423,0.07973609802073515,671,0.12648444863336475,97,0.01828463713477851,994,0.18737040527803958,293,0.05523091423185674,81,0.015268614514608859,337,0.06352497643732329,123,0.023185673892554194,1569,0.2957587181903864,157,0.029594721960414704,62,0.011687087653157398,11,0.0020735155513666352,82,0.015457115928369463,138,0.026013195098963243,54,0.010179076343072573,37,0.006974552309142319,1,0.00018850141376060322,0,0.0,0,0.0,0,0.0,0,0.0,0,0.0,0,0.0,0,0.0,0,0.0,0,0.0,0,0.0,0,0.0,0,0.0,0,0.0,0,0.0,0,0.0,0,0.0,20,0.003770028275212064,0,0.0,0,0.0,0,0.0,0,0.0,0,0.0,0,0.0,2,0.00037700282752120643,31,0.005843543826578699,1,0.00018850141376060322,1,0.00018850141376060322,3,0.0005655042412818096,1,0.00018850141376060322,2,0.00037700282752120643,1,0.00018850141376060322,0,0.0,0,0.0,0,0.0,0,0.0,0,0.0,0,0.0,0,0.0,2,0.00037700282752120643,1,0.00018850141376060322,0,0.0,0,0.0,1,0.00018850141376060322,0,0.0,0,0.0,1,0.00018850141376060322,0,0.0,0,0.0,0,0.0,0,0.0,0,0.0,108,0.020358152686145145,5305,1.0,ORIGEN,MUNICIPIO,COMPLETO
50,29,TLAXCALA,TLAXCALA,,,,76407,48998,0.6412763228500007,0.3587236771499993,MORENA,22706,0.4634066696599861,12285,0.2507245193681375,PRI,10421,0.21268215029184864,5982,0.12208661578023593,PAN,4439,0.09059553451161272,MORENA,22706,0.4634066696599861,12285,0.2507245193681375,PRI,10421,0.21268215029184864,5982,0.12208661578023593,PAN,4439,0.09059553451161272,4439,0.09059553451161272,10421,0.21268215029184864,486,0.009918772194783461,1226,0.025021429446099842,639,0.01304134862647455,1407,0.028715457773786684,1673,0.03414425078574636,312,0.006367606841095555,22706,0.4634066696599861,495,0.010102453161353525,288,0.005877790930242051,189,0.0038573002979713457,309,0.006306379852238867,1310,0.026735785134087104,955,0.019490591452712355,670,0.013674027511326993,3,6.122698885668803e-05,0,0.0,0,0.0,0,0.0,0,0.0,0,0.0,0,0.0,0,0.0,0,0.0,0,0.0,0,0.0,0,0.0,0,0.0,0,0.0,1,2.0408996285562677e-05,1,2.0408996285562677e-05,0,0.0,516,0.010531042083350341,0,0.0,0,0.0,0,0.0,0,0.0,9,0.0001836809665700641,0,0.0,0,0.0,167,0.003408302379688967,0,0.0,0,0.0,0,0.0,0,0.0,0,0.0,0,0.0,0,0.0,0,0.0,0,0.0,1,2.0408996285562677e-05,1,2.0408996285562677e-05,0,0.0,0,0.0,0,0.0,2,4.0817992571125354e-05,0,0.0,0,0.0,1,2.0408996285562677e-05,0,0.0,0,0.0,0,0.0,0,0.0,0,0.0,11,0.00022449895914118944,0,0.0,21,0.00042858892199681617,739,0.015082248255030817,48998,1.0,ORIGEN,MUNICIPIO,COMPLETO
51,29,TLAXCALA,TLAXCO,,,,33043,21924,0.6634990769603244,0.3365009230396756,MORENA,6557,0.29907863528553186,2595,0.11836343732895457,PAN,3962,0.18071519795657726,648,0.029556650246305417,PRI,3314,0.15115854771027185,MORENA,6557,0.29907863528553186,2595,0.11836343732895457,PAN,3962,0.18071519795657726,648,0.029556650246305417,PRI,3314,0.15115854771027185,3962,0.18071519795657726,3314,0.15115854771027185,2844,0.1297208538587849,512,0.02335340266374749,401,0.01829045794563036,227,0.010353950009122422,766,0.03493887976646597,376,0.017150155081189562,6557,0.29907863528553186,386,0.01760627622696588,112,0.005108556832694764,80,0.0036489691662105455,119,0.005427841634738187,909,0.04146141215106732,128,0.0058383506659368724,190,0.008666301769750046,21,0.0009578544061302681,12,0.0005473453749315818,13,0.0005929574895092136,9,0.00041050903119868636,7,0.00031928480204342275,34,0.0015508118956394819,7,0.00031928480204342275,9,0.00041050903119868636,10,0.0004561211457763182,10,0.0004561211457763182,8,0.00036489691662105453,1,4.5612114577631816e-05,3,0.00013683634373289546,1,4.5612114577631816e-05,0,0.0,30,0.0013683634373289546,13,0.0005929574895092136,19,0.0008666301769750046,5,0.0002280605728881591,13,0.0005929574895092136,4,0.00018244845831052726,2,9.122422915526363e-05,1,4.5612114577631816e-05,4,0.00018244845831052726,1,4.5612114577631816e-05,49,0.002234993614303959,7,0.00031928480204342275,2,9.122422915526363e-05,3,0.00013683634373289546,5,0.0002280605728881591,4,0.00018244845831052726,4,0.00018244845831052726,4,0.00018244845831052726,3,0.00013683634373289546,4,0.00018244845831052726,2,9.122422915526363e-05,3,0.00013683634373289546,1,4.5612114577631816e-05,0,0.0,0,0.0,2,9.122422915526363e-05,3,0.00013683634373289546,2,9.122422915526363e-05,0,0.0,2,9.122422915526363e-05,2,9.122422915526363e-05,1,4.5612114577631816e-05,1,4.5612114577631816e-05,6,0.0002736726874657909,0,0.0,0,0.0,3,0.00013683634373289546,691,0.03151797117314359,21924,1.0,ORIGEN,MUNICIPIO,COMPLETO
52,29,TLAXCALA,TOCATLAN,,,,4666,3505,0.7511787398199743,0.2488212601800257,MORENA,1050,0.2995720399429387,345,0.09843081312410841,PRI,705,0.20114122681883023,414,0.1181169757489301,RSP,291,0.08302425106990015,MORENA,1050,0.2995720399429387,345,0.09843081312410841,PRI,705,0.20114122681883023,414,0.1181169757489301,RSP,291,0.08302425106990015,210,0.05991440798858773,705,0.20114122681883023,50,0.014265335235378032,222,0.06333808844507846,139,0.03965763195435093,34,0.009700427960057061,78,0.02225392296718973,116,0.033095577746077035,1050,0.2995720399429387,32,0.00912981455064194,12,0.0034236804564907277,30,0.008559201141226819,7,0.0019971469329529245,291,0.08302425106990015,111,0.03166904422253923,176,0.05021398002853067,0,0.0,0,0.0,0,0.0,0,0.0,0,0.0,0,0.0,0,0.0,0,0.0,0,0.0,0,0.0,0,0.0,0,0.0,0,0.0,0,0.0,0,0.0,0,0.0,0,0.0,129,0.03680456490727532,0,0.0,0,0.0,0,0.0,0,0.0,0,0.0,0,0.0,0,0.0,20,0.005706134094151213,0,0.0,0,0.0,0,0.0,0,0.0,0,0.0,0,0.0,0,0.0,0,0.0,0,0.0,0,0.0,0,0.0,0,0.0,0,0.0,0,0.0,0,0.0,0,0.0,0,0.0,0,0.0,0,0.0,0,0.0,0,0.0,0,0.0,0,0.0,0,0.0,0,0.0,0,0.0,93,0.02653352353780314,3505,1.0,ORIGEN,MUNICIPIO,COMPLETO
53,29,TLAXCALA,TOTOLAC,,,,17454,12149,0.6960582101524005,0.30394178984759945,MORENA,5259,0.43287513375586467,2728,0.22454523006008725,PRI,2531,0.20832990369577742,1749,0.1439624660465882,PAN,782,0.06436743764918923,MORENA,5259,0.43287513375586467,2728,0.22454523006008725,PRI,2531,0.20832990369577742,1749,0.1439624660465882,PAN,782,0.06436743764918923,782,0.06436743764918923,2531,0.20832990369577742,171,0.014075232529426291,440,0.036216972590336655,208,0.017120750679068236,314,0.0258457486212857,334,0.027491974648119186,110,0.009054243147584164,5259,0.43287513375586467,173,0.014239855132109638,143,0.011770516091859412,63,0.005185611984525476,107,0.008807309243559141,556,0.045765083545970864,368,0.03029055889373611,90,0.007408017120750679,4,0.00032924520536669683,5,0.00041155650670837105,3,0.0002469339040250226,1,8.231130134167421e-05,0,0.0,25,0.0020577825335418554,2,0.00016462260268334841,0,0.0,0,0.0,1,8.231130134167421e-05,0,0.0,0,0.0,0,0.0,1,8.231130134167421e-05,0,0.0,18,0.0014816034241501358,3,0.0002469339040250226,4,0.00032924520536669683,0,0.0,2,0.00016462260268334841,5,0.00041155650670837105,1,8.231130134167421e-05,1,8.231130134167421e-05,0,0.0,5,0.00041155650670837105,77,0.006337970203308914,1,8.231130134167421e-05,4,0.00032924520536669683,1,8.231130134167421e-05,5,0.00041155650670837105,0,0.0,2,0.00016462260268334841,0,0.0,2,0.00016462260268334841,2,0.00016462260268334841,0,0.0,4,0.00032924520536669683,1,8.231130134167421e-05,2,0.00016462260268334841,1,8.231130134167421e-05,0,0.0,4,0.00032924520536669683,10,0.0008231130134167421,2,0.00016462260268334841,1,8.231130134167421e-05,4,0.00032924520536669683,1,8.231130134167421e-05,0,0.0,6,0.0004938678080500452,6,0.0004938678080500452,0,0.0,3,0.0002469339040250226,280,0.02304716437566878,12149,1.0,ORIGEN,MUNICIPIO,COMPLETO
54,29,TLAXCALA,TZOMPANTEPEC,,,,12007,7941,0.6613642042142084,0.3386357957857916,MORENA,2744,0.3455484195945095,1339,0.168618561893968,PRI,1405,0.17692985770054148,189,0.023800528900642236,PAN,1216,0.15312932879989927,MORENA,2744,0.3455484195945095,1339,0.168618561893968,PRI,1405,0.17692985770054148,189,0.023800528900642236,PAN,1216,0.15312932879989927,1216,0.15312932879989927,1405,0.17692985770054148,260,0.03274146832892583,220,0.027704319355244932,141,0.01775595013222516,161,0.02027452461906561,212,0.026696889560508752,86,0.010829870293413927,2744,0.3455484195945095,80,0.010074297947361793,83,0.01045208412038786,81,0.010200226671703816,55,0.006926079838811233,689,0.08676489107165344,144,0.018133736305251228,83,0.01045208412038786,0,0.0,0,0.0,0,0.0,0,0.0,1,0.0001259287243420224,4,0.0005037148973680896,1,0.0001259287243420224,0,0.0,0,0.0,0,0.0,0,0.0,0,0.0,0,0.0,0,0.0,0,0.0,4,0.0005037148973680896,1,0.0001259287243420224,15,0.0018889308651303363,0,0.0,0,0.0,0,0.0,0,0.0,0,0.0,0,0.0,1,0.0001259287243420224,52,0.006548293665785166,0,0.0,2,0.0002518574486840448,0,0.0,0,0.0,0,0.0,0,0.0,0,0.0,0,0.0,0,0.0,0,0.0,1,0.0001259287243420224,0,0.0,1,0.0001259287243420224,2,0.0002518574486840448,1,0.0001259287243420224,0,0.0,0,0.0,2,0.0002518574486840448,0,0.0,0,0.0,0,0.0,1,0.0001259287243420224,0,0.0,0,0.0,0,0.0,0,0.0,192,0.024178315073668303,7941,1.0,ORIGEN,MUNICIPIO,COMPLETO
55,29,TLAXCALA,XALOZTOC,,,,17571,11898,0.677138466791873,0.32286153320812705,MORENA,3630,0.30509329299041854,1715,0.1441418725836275,PRI,1915,0.16095142040679106,484,0.040679105732055805,PAN,1431,0.12027231467473525,MORENA,3630,0.30509329299041854,1715,0.1441418725836275,PRI,1915,0.16095142040679106,484,0.040679105732055805,PAN,1431,0.12027231467473525,1431,0.12027231467473525,1915,0.16095142040679106,371,0.0311817112119684,843,0.07085224407463439,451,0.03790553034123382,345,0.028996469994957134,403,0.03387123886367457,284,0.02386955790889225,3630,0.30509329299041854,155,0.013027399562951757,53,0.004454530173138342,84,0.0070600100857286935,110,0.009245251302739956,1170,0.09833585476550681,127,0.01067406286770886,92,0.0077323919986552365,0,0.0,0,0.0,0,0.0,0,0.0,0,0.0,0,0.0,0,0.0,1,8.404773911581779e-05,0,0.0,0,0.0,0,0.0,0,0.0,0,0.0,0,0.0,0,0.0,0,0.0,0,0.0,7,0.0005883341738107245,0,0.0,0,0.0,1,8.404773911581779e-05,0,0.0,0,0.0,0,0.0,0,0.0,75,0.006303580433686334,1,8.404773911581779e-05,0,0.0,0,0.0,2,0.00016809547823163558,0,0.0,0,0.0,0,0.0,0,0.0,0,0.0,0,0.0,0,0.0,0,0.0,0,0.0,0,0.0,1,8.404773911581779e-05,0,0.0,0,0.0,0,0.0,0,0.0,0,0.0,2,0.00016809547823163558,0,0.0,0,0.0,0,0.0,0,0.0,2,0.00016809547823163558,342,0.028744326777609682,11898,1.0,ORIGEN,MUNICIPIO,COMPLETO
56,29,TLAXCALA,XALTOCAN,,,,8453,5971,0.7063764344019875,0.2936235655980125,MORENA,1975,0.3307653659353542,691,0.11572600904371128,RSP,1284,0.21503935689164294,572,0.09579634902026461,PAN,712,0.11924300787137833,MORENA,1975,0.3307653659353542,691,0.11572600904371128,RSP,1284,0.21503935689164294,572,0.09579634902026461,PAN,712,0.11924300787137833,712,0.11924300787137833,648,0.10852453525372635,161,0.026963657678780773,137,0.02294423044716128,287,0.04806565064478312,87,0.014570423714620667,78,0.013063138502763355,85,0.014235471445319042,1975,0.3307653659353542,75,0.012560710098810919,30,0.005024284039524368,15,0.002512142019762184,37,0.006196616982080054,1284,0.21503935689164294,71,0.011890805560207671,26,0.004354379500921119,10,0.0016747613465081226,7,0.0011723329425556857,6,0.0010048568079048736,3,0.0005024284039524368,0,0.0,0,0.0,0,0.0,0,0.0,0,0.0,0,0.0,0,0.0,0,0.0,0,0.0,0,0.0,0,0.0,0,0.0,0,0.0,0,0.0,0,0.0,0,0.0,0,0.0,0,0.0,0,0.0,0,0.0,0,0.0,23,0.003851951096968682,14,0.0023446658851113715,9,0.0015072852118573103,2,0.0003349522693016245,1,0.00016747613465081226,0,0.0,0,0.0,0,0.0,0,0.0,0,0.0,0,0.0,0,0.0,0,0.0,0,0.0,0,0.0,0,0.0,0,0.0,0,0.0,0,0.0,0,0.0,0,0.0,0,0.0,0,0.0,0,0.0,0,0.0,0,0.0,0,0.0,188,0.0314855133143527,5971,1.0,ORIGEN,MUNICIPIO,COMPLETO
57,29,TLAXCALA,XICOHTZINCO,,,,11237,7846,0.6982290646969832,0.3017709353030168,MORENA,2887,0.3679581952587306,1918,0.24445577364262044,PRI,969,0.12350242161611012,138,0.017588580168238593,PRD,831,0.10591384144787153,MORENA,2887,0.3679581952587306,1918,0.24445577364262044,PRI,969,0.12350242161611012,138,0.017588580168238593,PRD,831,0.10591384144787153,572,0.07290339026255417,969,0.12350242161611012,831,0.10591384144787153,309,0.03938312515931685,79,0.010068824878919195,235,0.029951567677797605,90,0.011470813153199082,144,0.018353301045118533,2887,0.3679581952587306,317,0.04040275299515677,61,0.007774662248279378,80,0.010196278358399185,64,0.008157022686719348,727,0.09265867958195259,157,0.0200101962783584,43,0.005480499617639562,3,0.00038236043843996943,2,0.0002549069589599796,5,0.0006372673973999491,1,0.0001274534794799898,0,0.0,12,0.0015294417537598777,0,0.0,0,0.0,1,0.0001274534794799898,0,0.0,1,0.0001274534794799898,0,0.0,1,0.0001274534794799898,1,0.0001274534794799898,2,0.0002549069589599796,4,0.0005098139179199592,4,0.0005098139179199592,11,0.001401988274279888,1,0.0001274534794799898,5,0.0006372673973999491,0,0.0,1,0.0001274534794799898,2,0.0002549069589599796,1,0.0001274534794799898,1,0.0001274534794799898,26,0.003313790466479735,0,0.0,2,0.0002549069589599796,0,0.0,0,0.0,1,0.0001274534794799898,0,0.0,0,0.0,2,0.0002549069589599796,1,0.0001274534794799898,0,0.0,0,0.0,1,0.0001274534794799898,0,0.0,1,0.0001274534794799898,2,0.0002549069589599796,0,0.0,5,0.0006372673973999491,1,0.0001274534794799898,0,0.0,1,0.0001274534794799898,0,0.0,0,0.0,5,0.0006372673973999491,0,0.0,0,0.0,5,0.0006372673973999491,169,0.021539638032118277,7846,1.0,ORIGEN,MUNICIPIO,COMPLETO
58,29,TLAXCALA,YAUHQUEMEHCAN,,,,26016,15003,0.5766835793357934,0.4233164206642066,MORENA,5157,0.3437312537492502,2499,0.16656668666266747,RSP,2658,0.17716456708658268,506,0.03372658801573019,PAN,2152,0.14343797907085248,MORENA,5157,0.3437312537492502,2499,0.16656668666266747,RSP,2658,0.17716456708658268,506,0.03372658801573019,PAN,2152,0.14343797907085248,2152,0.14343797907085248,2100,0.13997200559888023,225,0.014997000599880024,349,0.023262014263813902,317,0.021129107511830968,166,0.011064453775911485,524,0.03492634806372059,103,0.006865293607945078,5157,0.3437312537492502,101,0.006731986935946144,100,0.006665333599946677,49,0.003266013463973872,125,0.008331666999933346,2658,0.17716456708658268,251,0.01672998733586616,101,0.006731986935946144,33,0.0021995600879824036,19,0.0012664133839898686,11,0.0007331866959941345,4,0.0002666133439978671,1,6.665333599946678e-05,0,0.0,0,0.0,0,0.0,0,0.0,0,0.0,0,0.0,0,0.0,0,0.0,0,0.0,0,0.0,0,0.0,0,0.0,5,0.00033326667999733386,0,0.0,0,0.0,0,0.0,0,0.0,0,0.0,0,0.0,2,0.00013330667199893355,72,0.004799040191961607,26,0.0017329867359861361,13,0.0008664933679930681,6,0.0003999200159968006,2,0.00013330667199893355,0,0.0,0,0.0,0,0.0,0,0.0,0,0.0,0,0.0,1,6.665333599946678e-05,0,0.0,0,0.0,0,0.0,0,0.0,0,0.0,0,0.0,1,6.665333599946678e-05,1,6.665333599946678e-05,0,0.0,1,6.665333599946678e-05,1,6.665333599946678e-05,0,0.0,0,0.0,0,0.0,2,0.00013330667199893355,324,0.021595680863827234,15003,1.0,ORIGEN,MUNICIPIO,COMPLETO
59,29,TLAXCALA,ZACATELCO,,,,34709,22960,0.6614998991616008,0.3385001008383992,MORENA,9237,0.402308362369338,6180,0.2691637630662021,PRI,3057,0.13314459930313588,1234,0.05374564459930314,PAN,1823,0.07939895470383275,MORENA,9237,0.402308362369338,6180,0.2691637630662021,PRI,3057,0.13314459930313588,1234,0.05374564459930314,PAN,1823,0.07939895470383275,1823,0.07939895470383275,3057,0.13314459930313588,781,0.03401567944250871,1252,0.054529616724738675,463,0.020165505226480838,456,0.01986062717770035,433,0.0188588850174216,507,0.022081881533101044,9237,0.402308362369338,1387,0.060409407665505226,180,0.0078397212543554,106,0.004616724738675958,99,0.00431184668989547,1537,0.06694250871080139,536,0.023344947735191638,126,0.00548780487804878,7,0.0003048780487804878,4,0.00017421602787456446,2,8.710801393728223e-05,2,8.710801393728223e-05,0,0.0,46,0.0020034843205574914,1,4.3554006968641115e-05,1,4.3554006968641115e-05,0,0.0,2,8.710801393728223e-05,1,4.3554006968641115e-05,0,0.0,3,0.00013066202090592334,0,0.0,0,0.0,21,0.0009146341463414635,6,0.0002613240418118467,3,0.00013066202090592334,3,0.00013066202090592334,10,0.00043554006968641115,3,0.00013066202090592334,4,0.00017421602787456446,0,0.0,2,8.710801393728223e-05,4,0.00017421602787456446,132,0.005749128919860627,5,0.00021777003484320557,4,0.00017421602787456446,5,0.00021777003484320557,6,0.0002613240418118467,5,0.00021777003484320557,7,0.0003048780487804878,2,8.710801393728223e-05,0,0.0,10,0.00043554006968641115,1,4.3554006968641115e-05,0,0.0,2,8.710801393728223e-05,1,4.3554006968641115e-05,0,0.0,5,0.00021777003484320557,4,0.00017421602787456446,21,0.0009146341463414635,7,0.0003048780487804878,3,0.00013066202090592334,10,0.00043554006968641115,4,0.00017421602787456446,0,0.0,23,0.0010017421602787457,7,0.0003048780487804878,1,4.3554006968641115e-05,13,0.0005662020905923345,577,0.025130662020905924,22960,1.0,ORIGEN,MUNICIPIO,COMPLETO
60,29,TLAXCALA,ZILTLALTEPEC DE TRINIDAD SANCHEZ SANTOS,,,,6809,4463,0.6554560140989867,0.3445439859010133,MORENA,1284,0.287698857270894,181,0.040555680035850326,PRI,1103,0.2471431772350437,720,0.16132646202106207,MC,383,0.08581671521398163,MORENA,1284,0.287698857270894,181,0.040555680035850326,PRI,1103,0.2471431772350437,720,0.16132646202106207,MC,383,0.08581671521398163,281,0.06296213309433117,1103,0.2471431772350437,172,0.03853909926058705,98,0.021958323997311225,50,0.01120322652924042,383,0.08581671521398163,110,0.024647098364328927,153,0.03428187317947569,1284,0.287698857270894,226,0.050638583912166704,91,0.020389872283217567,57,0.01277167824333408,65,0.014564194488012548,144,0.032265292404212415,34,0.007618194039883486,21,0.0047053551422809765,0,0.0,0,0.0,0,0.0,0,0.0,0,0.0,0,0.0,0,0.0,0,0.0,0,0.0,0,0.0,0,0.0,0,0.0,0,0.0,0,0.0,0,0.0,0,0.0,0,0.0,0,0.0,0,0.0,0,0.0,0,0.0,0,0.0,0,0.0,0,0.0,0,0.0,22,0.004929419672865786,0,0.0,0,0.0,0,0.0,0,0.0,0,0.0,0,0.0,0,0.0,0,0.0,0,0.0,0,0.0,0,0.0,0,0.0,0,0.0,0,0.0,0,0.0,0,0.0,0,0.0,0,0.0,0,0.0,0,0.0,0,0.0,0,0.0,0,0.0,0,0.0,0,0.0,0,0.0,169,0.03786690566883262,4463,1.0,ORIGEN,MUNICIPIO,COMPLETO
