#,CVE_ENTIDAD,ENTIDAD,MUNICIPIO,DF,DL,SECCION,LISTA_NOMINAL,VOTOS_EMITIDOS,PARTICIPACION,ABSTENCION,1ER_LUGAR,1ERO_VOTOS,PCN,DIF_VOTOS_2DO,DIF_PCN_2DO,2DO_LUGAR,2DO_VOTOS,PCN,DIF_VOTOS_3RO,DIF_PCN_3RO,3ER_LUGAR,3RO_VOTOS,PCN,1PP_MV,VOTOS,PCN,DIF_2DO,PCN,2PP_MV,VOTOS,PCN,DIF_3RO,PCN,3PP_MV,VOTOS,PCN,PAN,PCN,PRI,PCN,PRD,PCN,PVEM,PCN,PT,PCN,MC,PCN,MORENA_PNA,PCN,RSP,PCN,FxM,PCN,PAN_PRI_PRD,PCN,PAN_PRI,PCN,PAN_PRD,PCN,PRI_PRD,PCN,CNR,PCN,NULOS,PCN,TOT_VOTOS,VALIDACION,LN_FUENTE,NIVEL,DESGLOSE_PARTIDOS
1,6,COLIMA,VOTO EN EL EXTRANJERO,,,,2500,260,0.104,0.896,MORENA_PNA,143,0.55,105,0.40384615384615385,MC,38,0.14615384615384616,10,0.038461538461538464,PRI,28,0.1076923076923077,MORENA_PNA,143,0.55,105,0.40384615384615385,MC,38,0.14615384615384616,10,0.038461538461538464,PRI,28,0.1076923076923077,16,0.06153846153846154,28,0.1076923076923077,2,0.007692307692307693,19,0.07307692307692308,1,0.0038461538461538464,38,0.14615384615384616,143,0.55,2,0.007692307692307693,3,0.011538461538461539,4,0.015384615384615385,3,0.011538461538461539,0,0.0,0,0.0,0,0.0,1,0.0038461538461538464,260,1.0,ORIGEN,MUNICIPIO,PARCIAL
2,6,COLIMA,ARMERIA,,,,21839,12190,0.5581757406474656,0.44182425935253444,MORENA_PNA,4613,0.37842493847415914,1889,0.1549630844954881,PVEM,2724,0.22346185397867105,1175,0.09639048400328137,PRI,1549,0.12707136997538968,MORENA_PNA,4613,0.37842493847415914,1889,0.1549630844954881,PVEM,2724,0.22346185397867105,1175,0.09639048400328137,PRI,1549,0.12707136997538968,559,0.04585726004922067,1549,0.12707136997538968,109,0.008941755537325676,2724,0.22346185397867105,577,0.04733388022969647,944,0.07744052502050862,4613,0.37842493847415914,206,0.016899097621000822,388,0.031829368334700577,90,0.007383100902378999,17,0.001394585726004922,3,0.00024610336341263333,5,0.00041017227235438887,30,0.002461033634126333,376,0.03084495488105004,12190,1.0,ORIGEN,MUNICIPIO,PARCIAL
3,6,COLIMA,COLIMA,,,,128146,71722,0.5596897289029701,0.4403102710970299,MORENA_PNA,21866,0.3048715875184741,2140,0.02983742784640696,MC,19726,0.2750341596720671,6284,0.08761607317141185,PRI,13442,0.1874180865006553,MORENA_PNA,21866,0.3048715875184741,2140,0.02983742784640696,MC,19726,0.2750341596720671,6284,0.08761607317141185,PRI,13442,0.1874180865006553,6486,0.09043250327653997,13442,0.1874180865006553,560,0.007807925043919578,4486,0.0625470566911129,909,0.012673935473076601,19726,0.2750341596720671,21866,0.3048715875184741,428,0.005967485569281392,863,0.012032570201611779,1146,0.015978360893449707,198,0.0027606592119572794,17,0.00023702629597613007,15,0.000209140849390703,126,0.0017567831348819052,1454,0.020272719667605476,71722,1.0,ORIGEN,MUNICIPIO,PARCIAL
4,6,COLIMA,COMALA,,,,17311,11015,0.6363006181040957,0.36369938189590434,MORENA_PNA,2918,0.264911484339537,411,0.03731275533363595,PRI,2507,0.22759872900590106,732,0.06645483431684067,MC,1775,0.16114389468906037,MORENA_PNA,2918,0.264911484339537,411,0.03731275533363595,PRI,2507,0.22759872900590106,732,0.06645483431684067,MC,1775,0.16114389468906037,1108,0.1005901044030867,2507,0.22759872900590106,72,0.006536541080344984,1606,0.14580118020880617,172,0.015615070358601907,1775,0.16114389468906037,2918,0.264911484339537,99,0.008987743985474353,181,0.01643213799364503,170,0.015433499773036768,53,0.004811620517476169,0,0.0,3,0.00027235587834770767,7,0.0006354970494779846,344,0.031230140717203814,11015,1.0,ORIGEN,MUNICIPIO,PARCIAL
5,6,COLIMA,COQUIMATLAN,,,,16600,9384,0.5653012048192771,0.43469879518072285,MORENA_PNA,3360,0.35805626598465473,1407,0.14993606138107418,PRI,1953,0.20812020460358055,578,0.06159420289855073,MC,1375,0.14652600170502983,MORENA_PNA,3360,0.35805626598465473,1407,0.14993606138107418,PRI,1953,0.20812020460358055,578,0.06159420289855073,MC,1375,0.14652600170502983,546,0.058184143222506396,1953,0.20812020460358055,35,0.0037297527706734866,1358,0.1447144075021313,180,0.01918158567774936,1375,0.14652600170502983,3360,0.35805626598465473,105,0.01118925831202046,59,0.006287297527706735,89,0.009484228473998295,43,0.004582267689684569,2,0.00021312872975277067,2,0.00021312872975277067,3,0.00031969309462915604,274,0.029198635976129584,9384,1.0,ORIGEN,MUNICIPIO,PARCIAL
6,6,COLIMA,CUAUHTEMOC,,,,23519,13428,0.5709426421191377,0.4290573578808623,MORENA_PNA,5394,0.401697944593387,2076,0.1546023235031278,PRI,3318,0.24709562109025915,1175,0.08750372356270479,MC,2143,0.15959189752755437,MORENA_PNA,5394,0.401697944593387,2076,0.1546023235031278,PRI,3318,0.24709562109025915,1175,0.08750372356270479,MC,2143,0.15959189752755437,582,0.04334226988382484,3318,0.24709562109025915,122,0.009085492999702115,793,0.05905570449806375,118,0.00878760798331844,2143,0.15959189752755437,5394,0.401697944593387,180,0.013404825737265416,211,0.015713434614238905,217,0.016160262138814416,33,0.0024575513851653264,2,0.00014894250819183795,2,0.00014894250819183795,27,0.0020107238605898124,286,0.021298778671432827,13428,1.0,ORIGEN,MUNICIPIO,PARCIAL
7,6,COLIMA,IXTLAHUACAN,,,,5257,4000,0.7608902415826517,0.23910975841734827,MORENA_PNA,1157,0.28925,127,0.03175,PRI,1030,0.2575,555,0.13875,MC,475,0.11875,MORENA_PNA,1157,0.28925,127,0.03175,PRI,1030,0.2575,555,0.13875,MC,475,0.11875,331,0.08275,1030,0.2575,201,0.05025,270,0.0675,73,0.01825,475,0.11875,1157,0.28925,51,0.01275,100,0.025,73,0.01825,16,0.004,1,0.00025,4,0.001,1,0.00025,217,0.05425,4000,1.0,ORIGEN,MUNICIPIO,PARCIAL
8,6,COLIMA,MANZANILLO,,,,144215,73518,0.50978053600527,0.49021946399473004,MORENA_PNA,25914,0.35248510568840286,8601,0.11699175712070513,PVEM,17313,0.2354933485676977,7862,0.10693979705650317,MC,9451,0.12855355151119455,MORENA_PNA,25914,0.35248510568840286,8601,0.11699175712070513,PVEM,17313,0.2354933485676977,7862,0.10693979705650317,MC,9451,0.12855355151119455,8696,0.11828395767023042,6179,0.08404744416333415,433,0.005889714083625779,17313,0.2354933485676977,1181,0.016064093147256455,9451,0.12855355151119455,25914,0.35248510568840286,554,0.0075355695203895645,1185,0.016118501591446992,570,0.007753203297151718,167,0.002271552544954977,20,0.00027204222095269186,6,8.161266628580756e-05,258,0.003509344650289725,1591,0.02164095867678664,73518,1.0,ORIGEN,MUNICIPIO,PARCIAL
9,6,COLIMA,MINATITLAN,,,,7834,6123,0.7815930559101353,0.21840694408986472,PVEM,1888,0.30834558223093256,188,0.030703903315368285,MORENA_PNA,1700,0.27764167891556424,57,0.009309162175404213,PRI,1643,0.26833251674016007,PVEM,1888,0.30834558223093256,188,0.030703903315368285,MORENA_PNA,1700,0.27764167891556424,57,0.009309162175404213,PRI,1643,0.26833251674016007,124,0.02025151069737057,1643,0.26833251674016007,41,0.0066960640209047856,1888,0.30834558223093256,24,0.0039196472317491425,329,0.053731830801894497,1700,0.27764167891556424,32,0.005226196308998857,129,0.021068103870651642,71,0.011595623060591214,21,0.0034296913277804997,1,0.00016331863465621427,6,0.0009799118079372856,0,0.0,114,0.018618324350808426,6123,1.0,ORIGEN,MUNICIPIO,PARCIAL
10,6,COLIMA,TECOMAN,,,,84553,38717,0.4579021442172365,0.5420978557827635,MORENA_PNA,14507,0.37469328718650724,7799,0.20143606167833253,PRI,6708,0.1732572255081747,2342,0.060490223932639406,MC,4366,0.11276700157553529,MORENA_PNA,14507,0.37469328718650724,7799,0.20143606167833253,PRI,6708,0.1732572255081747,2342,0.060490223932639406,MC,4366,0.11276700157553529,3168,0.08182452152801095,6708,0.1732572255081747,309,0.00798099026267531,4112,0.10620657592272129,706,0.018234883901128703,4366,0.11276700157553529,14507,0.37469328718650724,696,0.017976599426608467,2244,0.05795903608234109,492,0.01270759614639564,149,0.003848438670351525,17,0.0004390836066844022,12,0.0003099413694242839,53,0.001368907714957254,1178,0.03042591109848387,38717,1.0,ORIGEN,MUNICIPIO,PARCIAL
11,6,COLIMA,VILLA DE ALVAREZ,,,,107038,57089,0.5333526411181075,0.46664735888189246,MORENA_PNA,17834,0.31238942703498046,2270,0.03976247613375607,MC,15564,0.2726269509012244,5510,0.09651596629823608,PRI,10054,0.17611098460298832,MORENA_PNA,17834,0.31238942703498046,2270,0.03976247613375607,MC,15564,0.2726269509012244,5510,0.09651596629823608,PRI,10054,0.17611098460298832,4413,0.077300355585139,10054,0.17611098460298832,479,0.008390407959501831,4328,0.0758114522937869,940,0.016465518751423217,15564,0.2726269509012244,17834,0.31238942703498046,381,0.00667379004711941,944,0.016535584788663314,817,0.014310988106290178,101,0.0017691674403124945,12,0.00021019811172029638,14,0.00024523113034034577,171,0.0029953230920142233,1037,0.018164620154495614,57089,1.0,ORIGEN,MUNICIPIO,PARCIAL
